categoryId,type,target,reading,meaning,example,exampleMeaning,question,optionA,optionB,optionC,optionD,answer
n3-condition-result,vocab,条件,じょうけん,condition,この条件をよく確認してから、次の作業を始めます。,I check this condition carefully before starting the next task.,What is the closest meaning of 「条件」?,method,boredom,procedure,condition,3
n3-condition-result,vocab,結果,けっか,result,この結果をよく確認してから、次の作業を始めます。,I check this result carefully before starting the next task.,What is the closest meaning of 「結果」?,procedure,experience,result,agreement,2
n3-condition-result,vocab,成功,せいこう,success,この成功をよく確認してから、次の作業を始めます。,I check this success carefully before starting the next task.,What is the closest meaning of 「成功」?,length,safety,confirmation,success,3
n3-condition-result,vocab,失敗,しっぱい,failure,この失敗をよく確認してから、次の作業を始めます。,I check this failure carefully before starting the next task.,What is the closest meaning of 「失敗」?,reply,intersection,failure,part,2
n3-condition-result,vocab,準備,じゅんび,preparation,この準備をよく確認してから、次の作業を始めます。,I check this preparation carefully before starting the next task.,What is the closest meaning of 「準備」?,preparation,hiring,luggage or package,case or situation,0
n3-condition-result,vocab,確認,かくにん,confirmation,この確認をよく確認してから、次の作業を始めます。,I check this confirmation carefully before starting the next task.,What is the closest meaning of 「確認」?,shortage,plan,written sentence,confirmation,3
n3-condition-result,vocab,予定,よてい,schedule,この予定をよく確認してから、次の作業を始めます。,I check this schedule carefully before starting the next task.,What is the closest meaning of 「予定」?,to get angry,schedule,minority,approximately,1
n3-condition-result,vocab,計画,けいかく,plan,この計画をよく確認してから、次の作業を始めます。,I check this plan carefully before starting the next task.,What is the closest meaning of 「計画」?,training,lunch,plan,bath,2
n3-condition-result,vocab,理由,りゆう,reason,この理由をよく確認してから、次の作業を始めます。,I check this reason carefully before starting the next task.,What is the closest meaning of 「理由」?,directions,practice,reason,caution,2
n3-condition-result,vocab,原因,げんいん,cause,この原因をよく確認してから、次の作業を始めます。,I check this cause carefully before starting the next task.,What is the closest meaning of 「原因」?,report,cause,office,degree,1
n3-condition-result,vocab,方法,ほうほう,method,この方法をよく確認してから、次の作業を始めます。,I check this method carefully before starting the next task.,What is the closest meaning of 「方法」?,exam,confirmation,hiring,method,3
n3-condition-result,vocab,目的,もくてき,purpose,この目的をよく確認してから、次の作業を始めます。,I check this purpose carefully before starting the next task.,What is the closest meaning of 「目的」?,fever,purpose,absence,completion,1
n3-condition-result,vocab,場合,ばあい,case or situation,この場合をよく確認してから、次の作業を始めます。,I check this case or situation carefully before starting the next task.,What is the closest meaning of 「場合」?,number of people,case or situation,order,break,1
n3-condition-result,vocab,問題,もんだい,problem,この問題をよく確認してから、次の作業を始めます。,I check this problem carefully before starting the next task.,What is the closest meaning of 「問題」?,materials,review study,method,problem,3
n3-condition-result,vocab,解決,かいけつ,solution,この解決をよく確認してから、次の作業を始めます。,I check this solution carefully before starting the next task.,What is the closest meaning of 「解決」?,difference,driving,extra time or room,solution,3
n3-condition-result,vocab,選択,せんたく,choice,この選択をよく確認してから、次の作業を始めます。,I check this choice carefully before starting the next task.,What is the closest meaning of 「選択」?,trash,choice,caution,half,1
n3-condition-result,vocab,必要,ひつよう,necessity,この必要をよく確認してから、次の作業を始めます。,I check this necessity carefully before starting the next task.,What is the closest meaning of 「必要」?,wallet,good at,consultation,necessity,3
n3-condition-result,vocab,可能,かのう,possibility,この可能をよく確認してから、次の作業を始めます。,I check this possibility carefully before starting the next task.,What is the closest meaning of 「可能」?,possibility,to laugh,solution,procedure,0
n3-condition-result,vocab,変化,へんか,change,この変化をよく確認してから、次の作業を始めます。,I check this change carefully before starting the next task.,What is the closest meaning of 「変化」?,homework,change,influence,nervousness,1
n3-condition-result,vocab,改善,かいぜん,improvement,この改善をよく確認してから、次の作業を始めます。,I check this improvement carefully before starting the next task.,What is the closest meaning of 「改善」?,heat,change,improvement,being late,2
n3-condition-result,vocab,約束,やくそく,promise,この約束をよく確認してから、次の作業を始めます。,I check this promise carefully before starting the next task.,What is the closest meaning of 「約束」?,approximately,promise,confirmation,supervisor,1
n3-condition-result,vocab,希望,きぼう,hope,この希望をよく確認してから、次の作業を始めます。,I check this hope carefully before starting the next task.,What is the closest meaning of 「希望」?,decision,hope,cancellation,mail,1
n3-condition-result,vocab,危険,きけん,danger,この危険をよく確認してから、次の作業を始めます。,I check this danger carefully before starting the next task.,What is the closest meaning of 「危険」?,decision,address,classroom,danger,3
n3-condition-result,vocab,安全,あんぜん,safety,この安全をよく確認してから、次の作業を始めます。,I check this safety carefully before starting the next task.,What is the closest meaning of 「安全」?,effort,submission,embarrassing,safety,3
n3-condition-result,vocab,注意,ちゅうい,caution,この注意をよく確認してから、次の作業を始めます。,I check this caution carefully before starting the next task.,What is the closest meaning of 「注意」?,ratio,caution,permission,passing an exam,1
n3-condition-result,vocab,連絡,れんらく,contact,この連絡をよく確認してから、次の作業を始めます。,I check this contact carefully before starting the next task.,What is the closest meaning of 「連絡」?,to get angry,contact,decrease,speed,1
n3-condition-result,vocab,決定,けってい,decision,この決定をよく確認してから、次の作業を始めます。,I check this decision carefully before starting the next task.,What is the closest meaning of 「決定」?,increase,decision,table of contents,attendance,1
n3-condition-result,vocab,努力,どりょく,effort,この努力をよく確認してから、次の作業を始めます。,I check this effort carefully before starting the next task.,What is the closest meaning of 「努力」?,cause,work duty,number of people,effort,3
n3-condition-result,vocab,練習,れんしゅう,practice,この練習をよく確認してから、次の作業を始めます。,I check this practice carefully before starting the next task.,What is the closest meaning of 「練習」?,kanji,ticket,practice,supervisor,2
n3-condition-result,vocab,経験,けいけん,experience,この経験をよく確認してから、次の作業を始めます。,I check this experience carefully before starting the next task.,What is the closest meaning of 「経験」?,absence,hospital,experience,luggage or package,2
n3-condition-result,vocab,予習,よしゅう,preparation before class,この予習をよく確認してから、次の作業を始めます。,I check this preparation before class carefully before starting the next task.,What is the closest meaning of 「予習」?,exam,shopping,case or situation,preparation before class,3
n3-condition-result,vocab,復習,ふくしゅう,review study,この復習をよく確認してから、次の作業を始めます。,I check this review study carefully before starting the next task.,What is the closest meaning of 「復習」?,weather,parking,review study,directions,2
n3-condition-result,vocab,目標,もくひょう,goal,この目標をよく確認してから、次の作業を始めます。,I check this goal carefully before starting the next task.,What is the closest meaning of 「目標」?,goal,reception desk,success,after,0
n3-condition-result,vocab,期限,きげん,deadline,この期限をよく確認してから、次の作業を始めます。,I check this deadline carefully before starting the next task.,What is the closest meaning of 「期限」?,confirmation,deadline,departure,arrival,1
n3-condition-result,vocab,中止,ちゅうし,cancellation,この中止をよく確認してから、次の作業を始めます。,I check this cancellation carefully before starting the next task.,What is the closest meaning of 「中止」?,exam,trash,maximum,cancellation,3
n3-condition-result,vocab,変更,へんこう,change or revision,この変更をよく確認してから、次の作業を始めます。,I check this change or revision carefully before starting the next task.,What is the closest meaning of 「変更」?,preparation,change or revision,cough,anxiety,1
n3-condition-result,vocab,開始,かいし,start,この開始をよく確認してから、次の作業を始めます。,I check this start carefully before starting the next task.,What is the closest meaning of 「開始」?,continuation,start,break,report,1
n3-condition-result,vocab,終了,しゅうりょう,end,この終了をよく確認してから、次の作業を始めます。,I check this end carefully before starting the next task.,What is the closest meaning of 「終了」?,shower,work duty,interview,end,3
n3-condition-result,vocab,完成,かんせい,completion,この完成をよく確認してから、次の作業を始めます。,I check this completion carefully before starting the next task.,What is the closest meaning of 「完成」?,departure,quite,expectation,completion,3
n3-condition-result,vocab,進歩,しんぽ,progress,この進歩をよく確認してから、次の作業を始めます。,I check this progress carefully before starting the next task.,What is the closest meaning of 「進歩」?,maximum,purpose,weather,progress,3
n3-condition-result,vocab,不足,ふそく,shortage,この不足をよく確認してから、次の作業を始めます。,I check this shortage carefully before starting the next task.,What is the closest meaning of 「不足」?,permission,degree,shortage,continuation,2
n3-condition-result,vocab,余裕,よゆう,extra time or room,この余裕をよく確認してから、次の作業を始めます。,I check this extra time or room carefully before starting the next task.,What is the closest meaning of 「余裕」?,information,medicine,confirmation,extra time or room,3
n3-condition-result,vocab,効果,こうか,effect,この効果をよく確認してから、次の作業を始めます。,I check this effect carefully before starting the next task.,What is the closest meaning of 「効果」?,cancellation,effect,documents,courage,1
n3-condition-result,vocab,影響,えいきょう,influence,この影響をよく確認してから、次の作業を始めます。,I check this influence carefully before starting the next task.,What is the closest meaning of 「影響」?,practice,sleepy,depth,influence,3
n3-condition-result,vocab,関係,かんけい,relationship,この関係をよく確認してから、次の作業を始めます。,I check this relationship carefully before starting the next task.,What is the closest meaning of 「関係」?,explanation,recently,relationship,boredom,2
n3-condition-result,vocab,情報,じょうほう,information,この情報をよく確認してから、次の作業を始めます。,I check this information carefully before starting the next task.,What is the closest meaning of 「情報」?,opinion,wallet,information,assignment,2
n3-condition-result,vocab,手順,てじゅん,procedure,この手順をよく確認してから、次の作業を始めます。,I check this procedure carefully before starting the next task.,What is the closest meaning of 「手順」?,procedure,order,joke,mail,0
n3-condition-result,vocab,相談,そうだん,consultation,この相談をよく確認してから、次の作業を始めます。,I check this consultation carefully before starting the next task.,What is the closest meaning of 「相談」?,convenience,being late,consultation,same,2
n3-condition-result,vocab,返事,へんじ,reply,この返事をよく確認してから、次の作業を始めます。,I check this reply carefully before starting the next task.,What is the closest meaning of 「返事」?,reply,assignment,to refuse,deadline,0
n3-condition-result,vocab,合格,ごうかく,passing an exam,この合格をよく確認してから、次の作業を始めます。,I check this passing an exam carefully before starting the next task.,What is the closest meaning of 「合格」?,departure,intersection,recently,passing an exam,3
n3-condition-result,grammar,たら,,if or when,家に着いたら、すぐにメールします。,When I get home I will email you right away.,Choose the grammar pattern that best fits this sentence meaning: When I get home I will email you right away.,はずだ,たら,てはいけない,かもしれない,1
n3-condition-result,grammar,たら,,if or when,雨がやんだら、買い物に行きましょう。,If the rain stops let us go shopping.,Choose the grammar pattern that best fits this sentence meaning: If the rain stops let us go shopping.,たところ,たら,なければならない,について,1
n3-condition-result,grammar,たら,,if or when,時間があったら、資料を読んでください。,If you have time please read the materials.,Choose the grammar pattern that best fits this sentence meaning: If you have time please read the materials.,たら,ているところ,までに,ようだ,0
n3-condition-result,grammar,たら,,if or when,宿題が終わったら、少し休んでもいいです。,When you finish your homework you may rest a little.,Choose the grammar pattern that best fits this sentence meaning: When you finish your homework you may rest a little.,かもしれない,ようだ,たら,せいで,2
n3-condition-result,grammar,たら,,if or when,駅に着いたら、電話してください。,Please call me when you arrive at the station.,Choose the grammar pattern that best fits this sentence meaning: Please call me when you arrive at the station.,たら,まま,ようだ,より,0
n3-condition-result,grammar,ば,,if,時間があれば、一緒に行きませんか。,If you have time would you like to go together?,Choose the grammar pattern that best fits this sentence meaning: If you have time would you like to go together?,ようになる,てしまう,てもらえませんか,ば,3
n3-condition-result,grammar,ば,,if,薬を飲めば、少し楽になります。,If you take medicine you will feel a little better.,Choose the grammar pattern that best fits this sentence meaning: If you take medicine you will feel a little better.,として,かもしれない,ば,に対して,2
n3-condition-result,grammar,ば,,if,早く出れば、会議に間に合います。,If we leave early we will make it to the meeting.,Choose the grammar pattern that best fits this sentence meaning: If we leave early we will make it to the meeting.,ば,ているところ,以内,ようになる,0
n3-condition-result,grammar,ば,,if,説明を読めば、使い方が分かります。,If you read the explanation you will understand how to use it.,Choose the grammar pattern that best fits this sentence meaning: If you read the explanation you will understand how to use it.,ながら,に対して,ようだ,ば,3
n3-condition-result,grammar,ば,,if,練習すれば、もっと上手になります。,If you practice you will get better.,Choose the grammar pattern that best fits this sentence meaning: If you practice you will get better.,ば,くらい,なら,だけ,0
n3-condition-result,grammar,と,,when or if as a natural result,このボタンを押すと、電気がつきます。,When you press this button the light turns on.,Choose the grammar pattern that best fits this sentence meaning: When you press this button the light turns on.,と,より,てもらえませんか,てみる,0
n3-condition-result,grammar,と,,when or if as a natural result,春になると、桜が咲きます。,When spring comes cherry blossoms bloom.,Choose the grammar pattern that best fits this sentence meaning: When spring comes cherry blossoms bloom.,たところ,ずつ,と,までに,2
n3-condition-result,grammar,と,,when or if as a natural result,右に曲がると、駅があります。,If you turn right there is a station.,Choose the grammar pattern that best fits this sentence meaning: If you turn right there is a station.,ば,ことになっている,ようにする,と,3
n3-condition-result,grammar,と,,when or if as a natural result,水を温めると、お湯になります。,When you heat water it becomes hot water.,Choose the grammar pattern that best fits this sentence meaning: When you heat water it becomes hot water.,と,なくてもいい,ばよかった,ないと,0
n3-condition-result,grammar,と,,when or if as a natural result,この道をまっすぐ行くと、公園に出ます。,If you go straight on this road you will reach the park.,Choose the grammar pattern that best fits this sentence meaning: If you go straight on this road you will reach the park.,ばかり,について,と,に対して,2
n3-condition-result,grammar,なら,,if it is the case that,日本語を勉強するなら、この辞書が便利です。,If you are studying Japanese this dictionary is useful.,Choose the grammar pattern that best fits this sentence meaning: If you are studying Japanese this dictionary is useful.,くらい,なら,だけ,てもらえませんか,1
n3-condition-result,grammar,なら,,if it is the case that,京都へ行くなら、春がおすすめです。,If you are going to Kyoto spring is recommended.,Choose the grammar pattern that best fits this sentence meaning: If you are going to Kyoto spring is recommended.,なければならない,なら,そうだ,べき,1
n3-condition-result,grammar,なら,,if it is the case that,安いホテルを探すなら、早めに予約したほうがいいです。,If you are looking for a cheap hotel it is better to reserve early.,Choose the grammar pattern that best fits this sentence meaning: If you are looking for a cheap hotel it is better to reserve early.,以内,ておく,なら,ことになっている,2
n3-condition-result,grammar,なら,,if it is the case that,パソコンを買うなら、軽いものがいいです。,If you are buying a computer a light one is good.,Choose the grammar pattern that best fits this sentence meaning: If you are buying a computer a light one is good.,以上,に対して,ばかり,なら,3
n3-condition-result,grammar,なら,,if it is the case that,明日来るなら、先に連絡してください。,If you are coming tomorrow please contact me first.,Choose the grammar pattern that best fits this sentence meaning: If you are coming tomorrow please contact me first.,てしまう,ようにする,なら,に対して,2
n3-condition-result,grammar,ても,,even if,雨が降っても、試合は行われます。,Even if it rains the game will be held.,Choose the grammar pattern that best fits this sentence meaning: Even if it rains the game will be held.,ようだ,ても,に対して,なくてもいい,1
n3-condition-result,grammar,ても,,even if,忙しくても、朝ご飯は食べます。,Even if I am busy I eat breakfast.,Choose the grammar pattern that best fits this sentence meaning: Even if I am busy I eat breakfast.,ために,ているところ,ても,てしまう,2
n3-condition-result,grammar,ても,,even if,高くても、必要なら買います。,Even if it is expensive I will buy it if necessary.,Choose the grammar pattern that best fits this sentence meaning: Even if it is expensive I will buy it if necessary.,べき,てもらえませんか,ても,まま,2
n3-condition-result,grammar,ても,,even if,失敗しても、もう一度やってみます。,Even if I fail I will try again.,Choose the grammar pattern that best fits this sentence meaning: Even if I fail I will try again.,ばよかった,まま,ても,せいで,2
n3-condition-result,grammar,ても,,even if,眠くても、レポートを書かなければなりません。,Even if I am sleepy I must write the report.,Choose the grammar pattern that best fits this sentence meaning: Even if I am sleepy I must write the report.,ても,ことになる,てはいけない,なくてもいい,0
n3-condition-result,grammar,ないと,,if not or must,早く出ないと、遅刻します。,If we do not leave early we will be late.,Choose the grammar pattern that best fits this sentence meaning: If we do not leave early we will be late.,だけ,と,ないと,に比べて,2
n3-condition-result,grammar,ないと,,if not or must,薬を飲まないと、熱が下がりません。,If you do not take medicine your fever will not go down.,Choose the grammar pattern that best fits this sentence meaning: If you do not take medicine your fever will not go down.,ば,てある,ないと,たところ,2
n3-condition-result,grammar,ないと,,if not or must,予約しないと、席がないかもしれません。,If we do not reserve there may be no seats.,Choose the grammar pattern that best fits this sentence meaning: If we do not reserve there may be no seats.,ほど,ないと,おかげで,だけ,1
n3-condition-result,grammar,ないと,,if not or must,勉強しないと、試験に合格できません。,If you do not study you cannot pass the exam.,Choose the grammar pattern that best fits this sentence meaning: If you do not study you cannot pass the exam.,ないと,と,たところ,せいで,0
n3-condition-result,grammar,ないと,,if not or must,電気を消さないと、電気代が高くなります。,If you do not turn off the lights the electricity bill will get high.,Choose the grammar pattern that best fits this sentence meaning: If you do not turn off the lights the electricity bill will get high.,ないと,ことがある,べき,と,0
n3-condition-result,grammar,ように,,so that,忘れないように、メモしておきます。,I will write it down so that I do not forget.,Choose the grammar pattern that best fits this sentence meaning: I will write it down so that I do not forget.,ように,てしまう,ことがある,ようにする,0
n3-condition-result,grammar,ように,,so that,聞こえるように、大きな声で話してください。,Please speak loudly so that people can hear.,Choose the grammar pattern that best fits this sentence meaning: Please speak loudly so that people can hear.,だけ,に対して,ように,ているところ,2
n3-condition-result,grammar,ように,,so that,間に合うように、早めに出発します。,I will leave early so that I can be on time.,Choose the grammar pattern that best fits this sentence meaning: I will leave early so that I can be on time.,なら,なくてもいい,ように,だけ,2
n3-condition-result,grammar,ように,,so that,風邪をひかないように、暖かくしてください。,Please stay warm so that you do not catch a cold.,Choose the grammar pattern that best fits this sentence meaning: Please stay warm so that you do not catch a cold.,ておく,ているところ,かもしれない,ように,3
n3-condition-result,grammar,ように,,so that,分かりやすいように、例を使って説明します。,I will explain using examples so that it is easy to understand.,Choose the grammar pattern that best fits this sentence meaning: I will explain using examples so that it is easy to understand.,てみる,より,ように,べき,2
n3-condition-result,grammar,ことになる,,it is decided that,来月から新しい店で働くことになりました。,It has been decided that I will work at a new shop from next month.,Choose the grammar pattern that best fits this sentence meaning: It has been decided that I will work at a new shop from next month.,ことになる,ことになっている,より,ことがある,0
n3-condition-result,grammar,ことになる,,it is decided that,会議はオンラインで行うことになりました。,It has been decided that the meeting will be held online.,Choose the grammar pattern that best fits this sentence meaning: It has been decided that the meeting will be held online.,ことになる,に比べて,ようだ,ても,0
n3-condition-result,grammar,ことになる,,it is decided that,明日の授業は休みになることになりました。,It has been decided that tomorrow's class will be canceled.,Choose the grammar pattern that best fits this sentence meaning: It has been decided that tomorrow's class will be canceled.,ことになる,っぱなし,だけ,に比べて,0
n3-condition-result,grammar,ことになる,,it is decided that,今年の旅行は北海道に行くことになりました。,It has been decided that this year's trip will be to Hokkaido.,Choose the grammar pattern that best fits this sentence meaning: It has been decided that this year's trip will be to Hokkaido.,ようになる,ことになる,ように,ているところ,1
n3-condition-result,grammar,ことになる,,it is decided that,発表は三人ですることになりました。,It has been decided that three people will give the presentation.,Choose the grammar pattern that best fits this sentence meaning: It has been decided that three people will give the presentation.,ために,ことになる,てみる,せいで,1
n3-condition-result,grammar,おかげで,,thanks to,先生のおかげで、試験に合格できました。,Thanks to my teacher I was able to pass the exam.,Choose the grammar pattern that best fits this sentence meaning: Thanks to my teacher I was able to pass the exam.,たら,てほしい,おかげで,と,2
n3-condition-result,grammar,おかげで,,thanks to,友だちが手伝ってくれたおかげで、早く終わりました。,Thanks to my friend helping me I finished early.,Choose the grammar pattern that best fits this sentence meaning: Thanks to my friend helping me I finished early.,しかない,なくてもいい,おかげで,ずつ,2
n3-condition-result,grammar,おかげで,,thanks to,毎日練習したおかげで、上手になりました。,Thanks to practicing every day I improved.,Choose the grammar pattern that best fits this sentence meaning: Thanks to practicing every day I improved.,として,てほしい,に対して,おかげで,3
n3-condition-result,grammar,おかげで,,thanks to,地図のおかげで、道に迷いませんでした。,Thanks to the map I did not get lost.,Choose the grammar pattern that best fits this sentence meaning: Thanks to the map I did not get lost.,ているところ,たところ,なければならない,おかげで,3
n3-condition-result,grammar,おかげで,,thanks to,薬のおかげで、熱が下がりました。,Thanks to the medicine my fever went down.,Choose the grammar pattern that best fits this sentence meaning: Thanks to the medicine my fever went down.,っぱなし,おかげで,まま,くらい,1
n3-condition-result,grammar,せいで,,because of something negative,大雨のせいで、電車が遅れました。,Because of heavy rain the train was delayed.,Choose the grammar pattern that best fits this sentence meaning: Because of heavy rain the train was delayed.,せいで,てある,より,かもしれない,0
n3-condition-result,grammar,せいで,,because of something negative,寝不足のせいで、授業中に眠くなりました。,Because of lack of sleep I became sleepy during class.,Choose the grammar pattern that best fits this sentence meaning: Because of lack of sleep I became sleepy during class.,せいで,そうだ,ているところ,ほど,0
n3-condition-result,grammar,せいで,,because of something negative,風邪のせいで、旅行に行けませんでした。,Because of a cold I could not go on the trip.,Choose the grammar pattern that best fits this sentence meaning: Because of a cold I could not go on the trip.,おかげで,と,せいで,そうだ,2
n3-condition-result,grammar,せいで,,because of something negative,交通事故のせいで、道が混んでいます。,Because of a traffic accident the road is crowded.,Choose the grammar pattern that best fits this sentence meaning: Because of a traffic accident the road is crowded.,ばよかった,てみる,ようになる,せいで,3
n3-condition-result,grammar,せいで,,because of something negative,準備不足のせいで、発表がうまくいきませんでした。,Because of insufficient preparation the presentation did not go well.,Choose the grammar pattern that best fits this sentence meaning: Because of insufficient preparation the presentation did not go well.,なければならない,ほど,せいで,そうだ,2
n3-daily-life,vocab,洗濯,せんたく,laundry,毎日の生活では、洗濯をきちんとすることが大切です。,In daily life it is important to handle laundry properly.,What is the closest meaning of 「洗濯」?,hospital,laundry,confirmation,report,1
n3-daily-life,vocab,掃除,そうじ,cleaning,毎日の生活では、掃除をきちんとすることが大切です。,In daily life it is important to handle cleaning properly.,What is the closest meaning of 「掃除」?,before,cleaning,facial expression,departure,1
n3-daily-life,vocab,料理,りょうり,cooking,毎日の生活では、料理をきちんとすることが大切です。,In daily life it is important to handle cooking properly.,What is the closest meaning of 「料理」?,break,relationship,cooking,practice,2
n3-daily-life,vocab,食事,しょくじ,meal,毎日の生活では、食事をきちんとすることが大切です。,In daily life it is important to handle meal properly.,What is the closest meaning of 「食事」?,address,meal,looking forward to,cause,1
n3-daily-life,vocab,朝食,ちょうしょく,breakfast,毎日の生活では、朝食をきちんとすることが大切です。,In daily life it is important to handle breakfast properly.,What is the closest meaning of 「朝食」?,success,solution,possibility,breakfast,3
n3-daily-life,vocab,昼食,ちゅうしょく,lunch,毎日の生活では、昼食をきちんとすることが大切です。,In daily life it is important to handle lunch properly.,What is the closest meaning of 「昼食」?,danger,responsibility,lunch,less than,2
n3-daily-life,vocab,夕食,ゆうしょく,dinner,毎日の生活では、夕食をきちんとすることが大切です。,In daily life it is important to handle dinner properly.,What is the closest meaning of 「夕食」?,driving,times as much,influence,dinner,3
n3-daily-life,vocab,買い物,かいもの,shopping,毎日の生活では、買い物をきちんとすることが大切です。,In daily life it is important to handle shopping properly.,What is the closest meaning of 「買い物」?,lunch,overtime work,shopping,length,2
n3-daily-life,vocab,近所,きんじょ,neighborhood,毎日の生活では、近所をきちんとすることが大切です。,In daily life it is important to handle neighborhood properly.,What is the closest meaning of 「近所」?,necessity,neighborhood,increase,materials,1
n3-daily-life,vocab,住所,じゅうしょ,address,毎日の生活では、住所をきちんとすることが大切です。,In daily life it is important to handle address properly.,What is the closest meaning of 「住所」?,address,rain gear,looking forward to,comparison,0
n3-daily-life,vocab,部屋,へや,room,毎日の生活では、部屋をきちんとすることが大切です。,In daily life it is important to handle room properly.,What is the closest meaning of 「部屋」?,to apologize,presentation,nervousness,room,3
n3-daily-life,vocab,台所,だいどころ,kitchen,毎日の生活では、台所をきちんとすることが大切です。,In daily life it is important to handle kitchen properly.,What is the closest meaning of 「台所」?,almost,mail,kitchen,clear weather,2
n3-daily-life,vocab,風呂,ふろ,bath,毎日の生活では、風呂をきちんとすることが大切です。,In daily life it is important to handle bath properly.,What is the closest meaning of 「風呂」?,goal,increase,coldness,bath,3
n3-daily-life,vocab,シャワー,シャワー,shower,毎日の生活では、シャワーをきちんとすることが大切です。,In daily life it is important to handle shower properly.,What is the closest meaning of 「シャワー」?,mail,shower,dinner,good at,1
n3-daily-life,vocab,ごみ,ごみ,trash,毎日の生活では、ごみをきちんとすることが大切です。,In daily life it is important to handle trash properly.,What is the closest meaning of 「ごみ」?,trash,before,half price,content,0
n3-daily-life,vocab,予約,よやく,reservation,毎日の生活では、予約をきちんとすることが大切です。,In daily life it is important to handle reservation properly.,What is the closest meaning of 「予約」?,medicine,submission,reservation,kindness,2
n3-daily-life,vocab,注文,ちゅうもん,order,毎日の生活では、注文をきちんとすることが大切です。,In daily life it is important to handle order properly.,What is the closest meaning of 「注文」?,order,to apologize,bath,courage,0
n3-daily-life,vocab,配達,はいたつ,delivery,毎日の生活では、配達をきちんとすることが大切です。,In daily life it is important to handle delivery properly.,What is the closest meaning of 「配達」?,delivery,table of contents,request,assignment,0
n3-daily-life,vocab,荷物,にもつ,luggage or package,毎日の生活では、荷物をきちんとすることが大切です。,In daily life it is important to handle luggage or package properly.,What is the closest meaning of 「荷物」?,luggage or package,to refuse,opposition,joke,0
n3-daily-life,vocab,切符,きっぷ,ticket,毎日の生活では、切符をきちんとすることが大切です。,In daily life it is important to handle ticket properly.,What is the closest meaning of 「切符」?,start,parking,feeling,ticket,3
n3-daily-life,vocab,改札,かいさつ,ticket gate,毎日の生活では、改札をきちんとすることが大切です。,In daily life it is important to handle ticket gate properly.,What is the closest meaning of 「改札」?,ticket gate,times as much,being late,homework,0
n3-daily-life,vocab,駅前,えきまえ,in front of the station,毎日の生活では、駅前をきちんとすることが大切です。,In daily life it is important to handle in front of the station properly.,What is the closest meaning of 「駅前」?,in front of the station,order,hope,not good at,0
n3-daily-life,vocab,道順,みちじゅん,directions,毎日の生活では、道順をきちんとすることが大切です。,In daily life it is important to handle directions properly.,What is the closest meaning of 「道順」?,business trip,directions,rain gear,case or situation,1
n3-daily-life,vocab,信号,しんごう,traffic light,毎日の生活では、信号をきちんとすることが大切です。,In daily life it is important to handle traffic light properly.,What is the closest meaning of 「信号」?,extra time or room,traffic light,same,opinion,1
n3-daily-life,vocab,交差点,こうさてん,intersection,毎日の生活では、交差点をきちんとすることが大切です。,In daily life it is important to handle intersection properly.,What is the closest meaning of 「交差点」?,intersection,contact,clothes,umbrella,0
n3-daily-life,vocab,乗り換え,のりかえ,transfer,毎日の生活では、乗り換えをきちんとすることが大切です。,In daily life it is important to handle transfer properly.,What is the closest meaning of 「乗り換え」?,gratitude,all,depth,transfer,3
n3-daily-life,vocab,運転,うんてん,driving,毎日の生活では、運転をきちんとすることが大切です。,In daily life it is important to handle driving properly.,What is the closest meaning of 「運転」?,driving,cough,quantity,preparation,0
n3-daily-life,vocab,駐車,ちゅうしゃ,parking,毎日の生活では、駐車をきちんとすることが大切です。,In daily life it is important to handle parking properly.,What is the closest meaning of 「駐車」?,consecutive holidays,address,parking,teacher,2
n3-daily-life,vocab,自転車,じてんしゃ,bicycle,毎日の生活では、自転車をきちんとすることが大切です。,In daily life it is important to handle bicycle properly.,What is the closest meaning of 「自転車」?,being late,bicycle,assignment,condition,1
n3-daily-life,vocab,散歩,さんぽ,walk,毎日の生活では、散歩をきちんとすることが大切です。,In daily life it is important to handle walk properly.,What is the closest meaning of 「散歩」?,goal,assignment,opinion,walk,3
n3-daily-life,vocab,天気,てんき,weather,毎日の生活では、天気をきちんとすることが大切です。,In daily life it is important to handle weather properly.,What is the closest meaning of 「天気」?,number,beginning,case or situation,weather,3
n3-daily-life,vocab,雨具,あまぐ,rain gear,毎日の生活では、雨具をきちんとすることが大切です。,In daily life it is important to handle rain gear properly.,What is the closest meaning of 「雨具」?,rain gear,resume,umbrella,a little,0
n3-daily-life,vocab,傘,かさ,umbrella,毎日の生活では、傘をきちんとすることが大切です。,In daily life it is important to handle umbrella properly.,What is the closest meaning of 「傘」?,preparation,decrease,umbrella,arrival,2
n3-daily-life,vocab,曇り,くもり,cloudy weather,毎日の生活では、曇りをきちんとすることが大切です。,In daily life it is important to handle cloudy weather properly.,What is the closest meaning of 「曇り」?,grades,cloudy weather,reservation,necessity,1
n3-daily-life,vocab,晴れ,はれ,clear weather,毎日の生活では、晴れをきちんとすることが大切です。,In daily life it is important to handle clear weather properly.,What is the closest meaning of 「晴れ」?,clear weather,attitude,reason,improvement,0
n3-daily-life,vocab,暑さ,あつさ,heat,毎日の生活では、暑さをきちんとすることが大切です。,In daily life it is important to handle heat properly.,What is the closest meaning of 「暑さ」?,heat,to be pleased,practice,salary,0
n3-daily-life,vocab,寒さ,さむさ,coldness,毎日の生活では、寒さをきちんとすることが大切です。,In daily life it is important to handle coldness properly.,What is the closest meaning of 「寒さ」?,possibility,coldness,to be troubled,effect,1
n3-daily-life,vocab,服,ふく,clothes,毎日の生活では、服をきちんとすることが大切です。,In daily life it is important to handle clothes properly.,What is the closest meaning of 「服」?,clothes,dissatisfaction,in front of the station,to invite,0
n3-daily-life,vocab,靴,くつ,shoes,毎日の生活では、靴をきちんとすることが大切です。,In daily life it is important to handle shoes properly.,What is the closest meaning of 「靴」?,score,decrease,total,shoes,3
n3-daily-life,vocab,財布,さいふ,wallet,毎日の生活では、財布をきちんとすることが大切です。,In daily life it is important to handle wallet properly.,What is the closest meaning of 「財布」?,bath,closeness,less than,wallet,3
n3-daily-life,vocab,鍵,かぎ,key,毎日の生活では、鍵をきちんとすることが大切です。,In daily life it is important to handle key properly.,What is the closest meaning of 「鍵」?,walk,key,dissatisfaction,polite,1
n3-daily-life,vocab,郵便,ゆうびん,mail,毎日の生活では、郵便をきちんとすることが大切です。,In daily life it is important to handle mail properly.,What is the closest meaning of 「郵便」?,mail,rude,solution,content,0
n3-daily-life,vocab,受付,うけつけ,reception desk,毎日の生活では、受付をきちんとすることが大切です。,In daily life it is important to handle reception desk properly.,What is the closest meaning of 「受付」?,reception desk,trash,condition,nervousness,0
n3-daily-life,vocab,病院,びょういん,hospital,毎日の生活では、病院をきちんとすることが大切です。,In daily life it is important to handle hospital properly.,What is the closest meaning of 「病院」?,submission,hospital,height,quite,1
n3-daily-life,vocab,薬,くすり,medicine,毎日の生活では、薬をきちんとすることが大切です。,In daily life it is important to handle medicine properly.,What is the closest meaning of 「薬」?,opinion,interview,vocabulary word,medicine,3
n3-daily-life,vocab,熱,ねつ,fever,毎日の生活では、熱をきちんとすることが大切です。,In daily life it is important to handle fever properly.,What is the closest meaning of 「熱」?,fever,hope,price,promise,0
n3-daily-life,vocab,咳,せき,cough,毎日の生活では、咳をきちんとすることが大切です。,In daily life it is important to handle cough properly.,What is the closest meaning of 「咳」?,half,ticket gate,cough,quite,2
n3-daily-life,vocab,具合,ぐあい,condition,毎日の生活では、具合をきちんとすることが大切です。,In daily life it is important to handle condition properly.,What is the closest meaning of 「具合」?,condition,question,salary,caution,0
n3-daily-life,vocab,出発,しゅっぱつ,departure,毎日の生活では、出発をきちんとすることが大切です。,In daily life it is important to handle departure properly.,What is the closest meaning of 「出発」?,business trip,departure,influence,promise,1
n3-daily-life,vocab,到着,とうちゃく,arrival,毎日の生活では、到着をきちんとすることが大切です。,In daily life it is important to handle arrival properly.,What is the closest meaning of 「到着」?,salary,arrival,not good at,number,1
n3-daily-life,grammar,ておく,,do in advance,明日の朝忙しいので、今夜お弁当を作っておきます。,Because I will be busy tomorrow morning I will make lunch tonight in advance.,Choose the grammar pattern that best fits this sentence meaning: Because I will be busy tomorrow morning I will make lunch tonight in advance.,までに,ように,ておく,ているところ,2
n3-daily-life,grammar,ておく,,do in advance,旅行の前にホテルを予約しておきました。,I reserved the hotel before the trip.,Choose the grammar pattern that best fits this sentence meaning: I reserved the hotel before the trip.,てある,ば,そうだ,ておく,3
n3-daily-life,grammar,ておく,,do in advance,会議の前に資料を読んでおきます。,I will read the materials before the meeting.,Choose the grammar pattern that best fits this sentence meaning: I will read the materials before the meeting.,ことがある,かもしれない,なくてもいい,ておく,3
n3-daily-life,grammar,ておく,,do in advance,雨が降りそうなので、傘を持っておきます。,It looks like it will rain so I will bring an umbrella just in case.,Choose the grammar pattern that best fits this sentence meaning: It looks like it will rain so I will bring an umbrella just in case.,以内,ことがある,ておく,てある,2
n3-daily-life,grammar,ておく,,do in advance,友だちが来る前に部屋を掃除しておきました。,I cleaned the room before my friend came.,Choose the grammar pattern that best fits this sentence meaning: I cleaned the room before my friend came.,てくれる,ことがある,てほしい,ておく,3
n3-daily-life,grammar,てある,,something has been done,窓が開けてあります。,The window has been opened.,Choose the grammar pattern that best fits this sentence meaning: The window has been opened.,てある,ばよかった,以上,ながら,0
n3-daily-life,grammar,てある,,something has been done,机の上に資料が置いてあります。,The materials have been placed on the desk.,Choose the grammar pattern that best fits this sentence meaning: The materials have been placed on the desk.,として,てある,かもしれない,ながら,1
n3-daily-life,grammar,てある,,something has been done,入口に案内が書いてあります。,Guidance is written at the entrance.,Choose the grammar pattern that best fits this sentence meaning: Guidance is written at the entrance.,てある,だけ,べき,ば,0
n3-daily-life,grammar,てある,,something has been done,冷蔵庫に飲み物が冷やしてあります。,Drinks have been chilled in the refrigerator.,Choose the grammar pattern that best fits this sentence meaning: Drinks have been chilled in the refrigerator.,ように,以上,ことになる,てある,3
n3-daily-life,grammar,てある,,something has been done,予約の名前はノートに書いてあります。,The reservation name is written in the notebook.,Choose the grammar pattern that best fits this sentence meaning: The reservation name is written in the notebook.,てほしい,ながら,てみる,てある,3
n3-daily-life,grammar,ているところ,,in the middle of doing,今、晩ご飯を作っているところです。,I am in the middle of making dinner now.,Choose the grammar pattern that best fits this sentence meaning: I am in the middle of making dinner now.,ないと,ているところ,ほど,べき,1
n3-daily-life,grammar,ているところ,,in the middle of doing,駅で友だちを待っているところです。,I am waiting for my friend at the station.,Choose the grammar pattern that best fits this sentence meaning: I am waiting for my friend at the station.,おかげで,ているところ,より,てほしい,1
n3-daily-life,grammar,ているところ,,in the middle of doing,洗濯物を干しているところです。,I am hanging laundry now.,Choose the grammar pattern that best fits this sentence meaning: I am hanging laundry now.,ているところ,てある,ようにする,てしまう,0
n3-daily-life,grammar,ているところ,,in the middle of doing,店員に場所を聞いているところです。,I am asking the staff about the location.,Choose the grammar pattern that best fits this sentence meaning: I am asking the staff about the location.,ことになる,そうだ,ているところ,てある,2
n3-daily-life,grammar,ているところ,,in the middle of doing,部屋を片づけているところです。,I am tidying the room now.,Choose the grammar pattern that best fits this sentence meaning: I am tidying the room now.,てもらえませんか,ているところ,ために,ようになる,1
n3-daily-life,grammar,たところ,,just did,今、家に帰ったところです。,I just got home.,Choose the grammar pattern that best fits this sentence meaning: I just got home.,ようになる,までに,かもしれない,たところ,3
n3-daily-life,grammar,たところ,,just did,さっき昼ご飯を食べたところです。,I just ate lunch a little while ago.,Choose the grammar pattern that best fits this sentence meaning: I just ate lunch a little while ago.,ながら,くらい,までに,たところ,3
n3-daily-life,grammar,たところ,,just did,今、メールを送ったところです。,I just sent the email.,Choose the grammar pattern that best fits this sentence meaning: I just sent the email.,と,たところ,ほど,ながら,1
n3-daily-life,grammar,たところ,,just did,駅に着いたところです。,I just arrived at the station.,Choose the grammar pattern that best fits this sentence meaning: I just arrived at the station.,てもらえませんか,てみる,たところ,ても,2
n3-daily-life,grammar,たところ,,just did,薬を飲んだところです。,I just took the medicine.,Choose the grammar pattern that best fits this sentence meaning: I just took the medicine.,たところ,ても,ことになっている,以内,0
n3-daily-life,grammar,ことがある,,have done before,京都へ行ったことがあります。,I have been to Kyoto before.,Choose the grammar pattern that best fits this sentence meaning: I have been to Kyoto before.,ことがある,かもしれない,と,より,0
n3-daily-life,grammar,ことがある,,have done before,この料理を食べたことがあります。,I have eaten this dish before.,Choose the grammar pattern that best fits this sentence meaning: I have eaten this dish before.,ことがある,おかげで,より,せいで,0
n3-daily-life,grammar,ことがある,,have done before,一人で海外旅行をしたことがあります。,I have traveled abroad alone before.,Choose the grammar pattern that best fits this sentence meaning: I have traveled abroad alone before.,より,ようだ,てある,ことがある,3
n3-daily-life,grammar,ことがある,,have done before,新幹線に乗ったことがあります。,I have ridden the Shinkansen before.,Choose the grammar pattern that best fits this sentence meaning: I have ridden the Shinkansen before.,ことがある,まま,について,と,0
n3-daily-life,grammar,ことがある,,have done before,その映画を見たことがあります。,I have seen that movie before.,Choose the grammar pattern that best fits this sentence meaning: I have seen that movie before.,ことがある,以上,なければならない,ことになっている,0
n3-daily-life,grammar,ようにする,,make an effort to,健康のために毎日歩くようにしています。,I try to walk every day for my health.,Choose the grammar pattern that best fits this sentence meaning: I try to walk every day for my health.,ようにする,ても,てほしい,しかない,0
n3-daily-life,grammar,ようにする,,make an effort to,寝る前にスマホを見ないようにしています。,I try not to look at my phone before sleeping.,Choose the grammar pattern that best fits this sentence meaning: I try not to look at my phone before sleeping.,くらい,てみる,ことになっている,ようにする,3
n3-daily-life,grammar,ようにする,,make an effort to,朝ご飯を食べるようにしています。,I make an effort to eat breakfast.,Choose the grammar pattern that best fits this sentence meaning: I make an effort to eat breakfast.,たところ,ておく,ことがある,ようにする,3
n3-daily-life,grammar,ようにする,,make an effort to,忘れ物をしないようにしています。,I try not to forget things.,Choose the grammar pattern that best fits this sentence meaning: I try not to forget things.,ようにする,以内,より,ようだ,0
n3-daily-life,grammar,ようにする,,make an effort to,駅では走らないようにしています。,I try not to run at the station.,Choose the grammar pattern that best fits this sentence meaning: I try not to run at the station.,ように,について,ようにする,ても,2
n3-daily-life,grammar,っぱなし,,leave something in a state,電気をつけっぱなしで寝てしまいました。,I fell asleep with the light left on.,Choose the grammar pattern that best fits this sentence meaning: I fell asleep with the light left on.,について,なくてもいい,に対して,っぱなし,3
n3-daily-life,grammar,っぱなし,,leave something in a state,水を出しっぱなしにしないでください。,Please do not leave the water running.,Choose the grammar pattern that best fits this sentence meaning: Please do not leave the water running.,そうだ,に対して,ずつ,っぱなし,3
n3-daily-life,grammar,っぱなし,,leave something in a state,ドアを開けっぱなしにしてはいけません。,You must not leave the door open.,Choose the grammar pattern that best fits this sentence meaning: You must not leave the door open.,てある,っぱなし,に比べて,おかげで,1
n3-daily-life,grammar,っぱなし,,leave something in a state,テレビをつけっぱなしで出かけました。,I went out leaving the TV on.,Choose the grammar pattern that best fits this sentence meaning: I went out leaving the TV on.,っぱなし,ようになる,として,てしまう,0
n3-daily-life,grammar,っぱなし,,leave something in a state,窓を開けっぱなしにすると寒いです。,If you leave the window open it is cold.,Choose the grammar pattern that best fits this sentence meaning: If you leave the window open it is cold.,ようになる,ことがある,っぱなし,ことになっている,2
n3-daily-life,grammar,てみる,,try doing,新しいレシピで料理を作ってみました。,I tried cooking with a new recipe.,Choose the grammar pattern that best fits this sentence meaning: I tried cooking with a new recipe.,に対して,として,はずだ,てみる,3
n3-daily-life,grammar,てみる,,try doing,この服を着てみてもいいですか。,May I try wearing these clothes?,Choose the grammar pattern that best fits this sentence meaning: May I try wearing these clothes?,まま,てもらえませんか,と,てみる,3
n3-daily-life,grammar,てみる,,try doing,店員に聞いてみます。,I will try asking the staff.,Choose the grammar pattern that best fits this sentence meaning: I will try asking the staff.,てみる,ておく,てはいけない,そうだ,0
n3-daily-life,grammar,てみる,,try doing,駅まで歩いてみました。,I tried walking to the station.,Choose the grammar pattern that best fits this sentence meaning: I tried walking to the station.,そうだ,ながら,てみる,ば,2
n3-daily-life,grammar,てみる,,try doing,日本語で注文してみたいです。,I want to try ordering in Japanese.,Choose the grammar pattern that best fits this sentence meaning: I want to try ordering in Japanese.,ために,ようだ,てみる,せいで,2
n3-daily-life,grammar,ながら,,while doing,音楽を聞きながら料理をします。,I cook while listening to music.,Choose the grammar pattern that best fits this sentence meaning: I cook while listening to music.,てみる,ながら,てしまう,ことになっている,1
n3-daily-life,grammar,ながら,,while doing,地図を見ながら歩きました。,I walked while looking at the map.,Choose the grammar pattern that best fits this sentence meaning: I walked while looking at the map.,ほど,について,まま,ながら,3
n3-daily-life,grammar,ながら,,while doing,テレビを見ながらご飯を食べます。,I eat while watching TV.,Choose the grammar pattern that best fits this sentence meaning: I eat while watching TV.,てしまう,ようになる,っぱなし,ながら,3
n3-daily-life,grammar,ながら,,while doing,友だちと話しながら帰りました。,I went home while talking with my friend.,Choose the grammar pattern that best fits this sentence meaning: I went home while talking with my friend.,ことがある,ながら,おかげで,たところ,1
n3-daily-life,grammar,ながら,,while doing,メモを取りながら説明を聞きました。,I listened to the explanation while taking notes.,Choose the grammar pattern that best fits this sentence meaning: I listened to the explanation while taking notes.,ながら,なら,なくてもいい,より,0
n3-daily-life,grammar,まま,,as it is,靴を履いたまま部屋に入らないでください。,Please do not enter the room with your shoes on.,Choose the grammar pattern that best fits this sentence meaning: Please do not enter the room with your shoes on.,まま,だけ,ようになる,として,0
n3-daily-life,grammar,まま,,as it is,エアコンをつけたまま寝てしまいました。,I fell asleep with the air conditioner on.,Choose the grammar pattern that best fits this sentence meaning: I fell asleep with the air conditioner on.,まま,ことがある,べき,てある,0
n3-daily-life,grammar,まま,,as it is,窓を開けたまま出かけました。,I went out with the window open.,Choose the grammar pattern that best fits this sentence meaning: I went out with the window open.,たところ,かもしれない,てほしい,まま,3
n3-daily-life,grammar,まま,,as it is,立ったまま話を聞きました。,I listened while standing.,Choose the grammar pattern that best fits this sentence meaning: I listened while standing.,てほしい,てもらえませんか,まま,に比べて,2
n3-daily-life,grammar,まま,,as it is,名前を書かないまま出してしまいました。,I submitted it without writing my name.,Choose the grammar pattern that best fits this sentence meaning: I submitted it without writing my name.,ことがある,まま,せいで,ことになっている,1
n3-feelings-requests,vocab,心配,しんぱい,worry,会話の中で「心配」という言葉を使いました。,I used the word 心配 in a conversation.,What is the closest meaning of 「心配」?,score,worry,help,cooking,1
n3-feelings-requests,vocab,安心,あんしん,relief,会話の中で「安心」という言葉を使いました。,I used the word 安心 in a conversation.,What is the closest meaning of 「安心」?,relief,practice,sleepy,patience,0
n3-feelings-requests,vocab,残念,ざんねん,disappointing,会話の中で「残念」という言葉を使いました。,I used the word 残念 in a conversation.,What is the closest meaning of 「残念」?,quantity,all,attendance,disappointing,3
n3-feelings-requests,vocab,相談,そうだん,consultation,会話の中で「相談」という言葉を使いました。,I used the word 相談 in a conversation.,What is the closest meaning of 「相談」?,consultation,promise,number,relationship,0
n3-feelings-requests,vocab,お願い,おねがい,request,会話の中で「お願い」という言葉を使いました。,I used the word お願い in a conversation.,What is the closest meaning of 「お願い」?,result,request,solution,workplace,1
n3-feelings-requests,vocab,感謝,かんしゃ,gratitude,会話の中で「感謝」という言葉を使いました。,I used the word 感謝 in a conversation.,What is the closest meaning of 「感謝」?,gratitude,meeting,shoes,cause,0
n3-feelings-requests,vocab,謝る,あやまる,to apologize,会話の中で「謝る」という言葉を使いました。,I used the word 謝る in a conversation.,What is the closest meaning of 「謝る」?,homework,within,boredom,to apologize,3
n3-feelings-requests,vocab,怒る,おこる,to get angry,会話の中で「怒る」という言葉を使いました。,I used the word 怒る in a conversation.,What is the closest meaning of 「怒る」?,to get angry,anxiety,possibility,information,0
n3-feelings-requests,vocab,泣く,なく,to cry,会話の中で「泣く」という言葉を使いました。,I used the word 泣く in a conversation.,What is the closest meaning of 「泣く」?,a little,decision,preparation,to cry,3
n3-feelings-requests,vocab,笑う,わらう,to laugh,会話の中で「笑う」という言葉を使いました。,I used the word 笑う in a conversation.,What is the closest meaning of 「笑う」?,to laugh,written sentence,influence,reply,0
n3-feelings-requests,vocab,喜ぶ,よろこぶ,to be pleased,会話の中で「喜ぶ」という言葉を使いました。,I used the word 喜ぶ in a conversation.,What is the closest meaning of 「喜ぶ」?,speed,to be pleased,meeting,to be surprised,1
n3-feelings-requests,vocab,楽しみ,たのしみ,looking forward to,会話の中で「楽しみ」という言葉を使いました。,I used the word 楽しみ in a conversation.,What is the closest meaning of 「楽しみ」?,looking forward to,success,safety,training,0
n3-feelings-requests,vocab,緊張,きんちょう,nervousness,会話の中で「緊張」という言葉を使いました。,I used the word 緊張 in a conversation.,What is the closest meaning of 「緊張」?,nervousness,result,room,coworker,0
n3-feelings-requests,vocab,不安,ふあん,anxiety,会話の中で「不安」という言葉を使いました。,I used the word 不安 in a conversation.,What is the closest meaning of 「不安」?,reply,anxiety,dissatisfaction,arrival,1
n3-feelings-requests,vocab,満足,まんぞく,satisfaction,会話の中で「満足」という言葉を使いました。,I used the word 満足 in a conversation.,What is the closest meaning of 「満足」?,satisfaction,break,documents,traffic light,0
n3-feelings-requests,vocab,不満,ふまん,dissatisfaction,会話の中で「不満」という言葉を使いました。,I used the word 不満 in a conversation.,What is the closest meaning of 「不満」?,decision,dissatisfaction,to get tired,to ask a favor,1
n3-feelings-requests,vocab,退屈,たいくつ,boredom,会話の中で「退屈」という言葉を使いました。,I used the word 退屈 in a conversation.,What is the closest meaning of 「退屈」?,boredom,increase,possibility,joke,0
n3-feelings-requests,vocab,驚く,おどろく,to be surprised,会話の中で「驚く」という言葉を使いました。,I used the word 驚く in a conversation.,What is the closest meaning of 「驚く」?,to be surprised,student,effect,cleaning,0
n3-feelings-requests,vocab,恥ずかしい,はずかしい,embarrassing,会話の中で「恥ずかしい」という言葉を使いました。,I used the word 恥ずかしい in a conversation.,What is the closest meaning of 「恥ずかしい」?,hiring,being in charge,embarrassing,wallet,2
n3-feelings-requests,vocab,寂しい,さびしい,lonely,会話の中で「寂しい」という言葉を使いました。,I used the word 寂しい in a conversation.,What is the closest meaning of 「寂しい」?,decision,solution,lonely,clothes,2
n3-feelings-requests,vocab,眠い,ねむい,sleepy,会話の中で「眠い」という言葉を使いました。,I used the word 眠い in a conversation.,What is the closest meaning of 「眠い」?,times as much,to refuse,solution,sleepy,3
n3-feelings-requests,vocab,疲れる,つかれる,to get tired,会話の中で「疲れる」という言葉を使いました。,I used the word 疲れる in a conversation.,What is the closest meaning of 「疲れる」?,luggage or package,to get tired,being in charge,to refuse,1
n3-feelings-requests,vocab,困る,こまる,to be troubled,会話の中で「困る」という言葉を使いました。,I used the word 困る in a conversation.,What is the closest meaning of 「困る」?,cleaning,to be troubled,convenience,sleepy,1
n3-feelings-requests,vocab,助け,たすけ,help,会話の中で「助け」という言葉を使いました。,I used the word 助け in a conversation.,What is the closest meaning of 「助け」?,help,looking forward to,to refuse,less than,0
n3-feelings-requests,vocab,手伝い,てつだい,assistance,会話の中で「手伝い」という言葉を使いました。,I used the word 手伝い in a conversation.,What is the closest meaning of 「手伝い」?,work,assistance,passing an exam,to be troubled,1
n3-feelings-requests,vocab,許可,きょか,permission,会話の中で「許可」という言葉を使いました。,I used the word 許可 in a conversation.,What is the closest meaning of 「許可」?,heat,minority,permission,recently,2
n3-feelings-requests,vocab,断る,ことわる,to refuse,会話の中で「断る」という言葉を使いました。,I used the word 断る in a conversation.,What is the closest meaning of 「断る」?,to refuse,cleaning,closeness,ticket gate,0
n3-feelings-requests,vocab,誘う,さそう,to invite,会話の中で「誘う」という言葉を使いました。,I used the word 誘う in a conversation.,What is the closest meaning of 「誘う」?,score,information,departure,to invite,3
n3-feelings-requests,vocab,頼む,たのむ,to ask a favor,会話の中で「頼む」という言葉を使いました。,I used the word 頼む in a conversation.,What is the closest meaning of 「頼む」?,traffic light,to ask a favor,cleaning,to cry,1
n3-feelings-requests,vocab,返事,へんじ,reply,会話の中で「返事」という言葉を使いました。,I used the word 返事 in a conversation.,What is the closest meaning of 「返事」?,shopping,reply,problem,explanation,1
n3-feelings-requests,vocab,意見,いけん,opinion,会話の中で「意見」という言葉を使いました。,I used the word 意見 in a conversation.,What is the closest meaning of 「意見」?,ticket gate,every time,opinion,confirmation,2
n3-feelings-requests,vocab,賛成,さんせい,agreement,会話の中で「賛成」という言葉を使いました。,I used the word 賛成 in a conversation.,What is the closest meaning of 「賛成」?,overtime work,maximum,agreement,worry,2
n3-feelings-requests,vocab,反対,はんたい,opposition,会話の中で「反対」という言葉を使いました。,I used the word 反対 in a conversation.,What is the closest meaning of 「反対」?,opposition,walk,role,cloudy weather,0
n3-feelings-requests,vocab,無理,むり,impossible,会話の中で「無理」という言葉を使いました。,I used the word 無理 in a conversation.,What is the closest meaning of 「無理」?,number of people,caution,impossible,before,2
n3-feelings-requests,vocab,平気,へいき,okay or calm,会話の中で「平気」という言葉を使いました。,I used the word 平気 in a conversation.,What is the closest meaning of 「平気」?,plan,okay or calm,key,half,1
n3-feelings-requests,vocab,苦手,にがて,not good at,会話の中で「苦手」という言葉を使いました。,I used the word 苦手 in a conversation.,What is the closest meaning of 「苦手」?,reason,cooking,not good at,cloudy weather,2
n3-feelings-requests,vocab,得意,とくい,good at,会話の中で「得意」という言葉を使いました。,I used the word 得意 in a conversation.,What is the closest meaning of 「得意」?,good at,luggage or package,information,salary,0
n3-feelings-requests,vocab,親切,しんせつ,kindness,会話の中で「親切」という言葉を使いました。,I used the word 親切 in a conversation.,What is the closest meaning of 「親切」?,kindness,goal,reason,recently,0
n3-feelings-requests,vocab,失礼,しつれい,rude,会話の中で「失礼」という言葉を使いました。,I used the word 失礼 in a conversation.,What is the closest meaning of 「失礼」?,rude,parking,boredom,possibility,0
n3-feelings-requests,vocab,丁寧,ていねい,polite,会話の中で「丁寧」という言葉を使いました。,I used the word 丁寧 in a conversation.,What is the closest meaning of 「丁寧」?,to be troubled,cloudy weather,clear weather,polite,3
n3-feelings-requests,vocab,正直,しょうじき,honest,会話の中で「正直」という言葉を使いました。,I used the word 正直 in a conversation.,What is the closest meaning of 「正直」?,attitude,caution,schedule,honest,3
n3-feelings-requests,vocab,冗談,じょうだん,joke,会話の中で「冗談」という言葉を使いました。,I used the word 冗談 in a conversation.,What is the closest meaning of 「冗談」?,bicycle,kanji,contact,joke,3
n3-feelings-requests,vocab,期待,きたい,expectation,会話の中で「期待」という言葉を使いました。,I used the word 期待 in a conversation.,What is the closest meaning of 「期待」?,expectation,majority,number of times,wallet,0
n3-feelings-requests,vocab,我慢,がまん,patience,会話の中で「我慢」という言葉を使いました。,I used the word 我慢 in a conversation.,What is the closest meaning of 「我慢」?,reservation,teacher,departure,patience,3
n3-feelings-requests,vocab,気持ち,きもち,feeling,会話の中で「気持ち」という言葉を使いました。,I used the word 気持ち in a conversation.,What is the closest meaning of 「気持ち」?,length,feeling,purpose,hospital,1
n3-feelings-requests,vocab,態度,たいど,attitude,会話の中で「態度」という言葉を使いました。,I used the word 態度 in a conversation.,What is the closest meaning of 「態度」?,deadline,number,embarrassing,attitude,3
n3-feelings-requests,vocab,表情,ひょうじょう,facial expression,会話の中で「表情」という言葉を使いました。,I used the word 表情 in a conversation.,What is the closest meaning of 「表情」?,rule,classroom,facial expression,anxiety,2
n3-feelings-requests,vocab,連絡先,れんらくさき,contact information,会話の中で「連絡先」という言葉を使いました。,I used the word 連絡先 in a conversation.,What is the closest meaning of 「連絡先」?,lonely,contact information,worry,ticket gate,1
n3-feelings-requests,vocab,都合,つごう,convenience,会話の中で「都合」という言葉を使いました。,I used the word 都合 in a conversation.,What is the closest meaning of 「都合」?,fever,convenience,cause,rude,1
n3-feelings-requests,vocab,勇気,ゆうき,courage,会話の中で「勇気」という言葉を使いました。,I used the word 勇気 in a conversation.,What is the closest meaning of 「勇気」?,courage,luggage or package,presentation,written sentence,0
n3-feelings-requests,grammar,てほしい,,want someone to do,もう少し静かにしてほしいです。,I want you to be a little quieter.,Choose the grammar pattern that best fits this sentence meaning: I want you to be a little quieter.,てほしい,以内,ようにする,ば,0
n3-feelings-requests,grammar,てほしい,,want someone to do,先生にもう一度説明してほしいです。,I want the teacher to explain once more.,Choose the grammar pattern that best fits this sentence meaning: I want the teacher to explain once more.,ことがある,ば,ておく,てほしい,3
n3-feelings-requests,grammar,てほしい,,want someone to do,友だちに早く返事をしてほしいです。,I want my friend to reply soon.,Choose the grammar pattern that best fits this sentence meaning: I want my friend to reply soon.,てほしい,しかない,ずつ,ようにする,0
n3-feelings-requests,grammar,てほしい,,want someone to do,家族に心配しないでほしいです。,I want my family not to worry.,Choose the grammar pattern that best fits this sentence meaning: I want my family not to worry.,てほしい,として,てある,なら,0
n3-feelings-requests,grammar,てほしい,,want someone to do,この問題を一緒に考えてほしいです。,I want you to think about this problem with me.,Choose the grammar pattern that best fits this sentence meaning: I want you to think about this problem with me.,ことになる,より,てほしい,だけ,2
n3-feelings-requests,grammar,てもらえませんか,,could you do for me,この漢字の読み方を教えてもらえませんか。,Could you teach me how to read this kanji?,Choose the grammar pattern that best fits this sentence meaning: Could you teach me how to read this kanji?,てもらえませんか,そうだ,ばよかった,として,0
n3-feelings-requests,grammar,てもらえませんか,,could you do for me,少し手伝ってもらえませんか。,Could you help me a little?,Choose the grammar pattern that best fits this sentence meaning: Could you help me a little?,まま,ようだ,てもらえませんか,っぱなし,2
n3-feelings-requests,grammar,てもらえませんか,,could you do for me,写真を撮ってもらえませんか。,Could you take a picture for me?,Choose the grammar pattern that best fits this sentence meaning: Could you take a picture for me?,だけ,べき,てもらえませんか,ようになる,2
n3-feelings-requests,grammar,てもらえませんか,,could you do for me,もう一度言ってもらえませんか。,Could you say it one more time?,Choose the grammar pattern that best fits this sentence meaning: Could you say it one more time?,てもらえませんか,ずつ,ば,そうだ,0
n3-feelings-requests,grammar,てもらえませんか,,could you do for me,駅までの道を教えてもらえませんか。,Could you tell me the way to the station?,Choose the grammar pattern that best fits this sentence meaning: Could you tell me the way to the station?,べき,なら,てもらえませんか,と,2
n3-feelings-requests,grammar,ようだ,,seems or appears,外を見ると雨が降っているようです。,Looking outside it seems to be raining.,Choose the grammar pattern that best fits this sentence meaning: Looking outside it seems to be raining.,なくてもいい,てほしい,ようだ,ながら,2
n3-feelings-requests,grammar,ようだ,,seems or appears,彼は少し疲れているようです。,He seems a little tired.,Choose the grammar pattern that best fits this sentence meaning: He seems a little tired.,以内,ないと,なら,ようだ,3
n3-feelings-requests,grammar,ようだ,,seems or appears,この店は人気があるようです。,This shop seems popular.,Choose the grammar pattern that best fits this sentence meaning: This shop seems popular.,しかない,くらい,より,ようだ,3
n3-feelings-requests,grammar,ようだ,,seems or appears,電車が遅れているようです。,It seems the train is delayed.,Choose the grammar pattern that best fits this sentence meaning: It seems the train is delayed.,ようだ,たところ,ておく,ても,0
n3-feelings-requests,grammar,ようだ,,seems or appears,彼女はその話を知らないようです。,She seems not to know that story.,Choose the grammar pattern that best fits this sentence meaning: She seems not to know that story.,以内,はずだ,ばよかった,ようだ,3
n3-feelings-requests,grammar,そうだ,,looks like or seems,このケーキはおいしそうです。,This cake looks delicious.,Choose the grammar pattern that best fits this sentence meaning: This cake looks delicious.,てしまう,そうだ,に対して,ようになる,1
n3-feelings-requests,grammar,そうだ,,looks like or seems,今日は雨が降りそうです。,It looks like it will rain today.,Choose the grammar pattern that best fits this sentence meaning: It looks like it will rain today.,てしまう,ながら,たところ,そうだ,3
n3-feelings-requests,grammar,そうだ,,looks like or seems,彼は忙しそうです。,He looks busy.,Choose the grammar pattern that best fits this sentence meaning: He looks busy.,てしまう,そうだ,ことがある,ばよかった,1
n3-feelings-requests,grammar,そうだ,,looks like or seems,この問題は難しそうです。,This problem looks difficult.,Choose the grammar pattern that best fits this sentence meaning: This problem looks difficult.,しかない,ようになる,そうだ,なければならない,2
n3-feelings-requests,grammar,そうだ,,looks like or seems,子どもたちは楽しそうに遊んでいます。,The children are playing happily.,Choose the grammar pattern that best fits this sentence meaning: The children are playing happily.,そうだ,ながら,として,てある,0
n3-feelings-requests,grammar,かもしれない,,might or may,道が混んでいるので、少し遅れるかもしれません。,Because the road is crowded I might be a little late.,Choose the grammar pattern that best fits this sentence meaning: Because the road is crowded I might be a little late.,かもしれない,せいで,ずつ,ても,0
n3-feelings-requests,grammar,かもしれない,,might or may,明日は雪が降るかもしれません。,It may snow tomorrow.,Choose the grammar pattern that best fits this sentence meaning: It may snow tomorrow.,かもしれない,ばよかった,てもらえませんか,ずつ,0
n3-feelings-requests,grammar,かもしれない,,might or may,彼はもう帰ったかもしれません。,He may have already gone home.,Choose the grammar pattern that best fits this sentence meaning: He may have already gone home.,たら,かもしれない,について,せいで,1
n3-feelings-requests,grammar,かもしれない,,might or may,この答えは間違っているかもしれません。,This answer might be wrong.,Choose the grammar pattern that best fits this sentence meaning: This answer might be wrong.,なくてもいい,てみる,かもしれない,だけ,2
n3-feelings-requests,grammar,かもしれない,,might or may,週末は予定が変わるかもしれません。,The weekend plan might change.,Choose the grammar pattern that best fits this sentence meaning: The weekend plan might change.,てくれる,てみる,かもしれない,たら,2
n3-feelings-requests,grammar,はずだ,,should be or expected to,彼はもう駅に着いているはずです。,He should have already arrived at the station.,Choose the grammar pattern that best fits this sentence meaning: He should have already arrived at the station.,てほしい,に比べて,かもしれない,はずだ,3
n3-feelings-requests,grammar,はずだ,,should be or expected to,この道を行けば、店があるはずです。,If you go this way there should be a shop.,Choose the grammar pattern that best fits this sentence meaning: If you go this way there should be a shop.,ようだ,はずだ,ば,と,1
n3-feelings-requests,grammar,はずだ,,should be or expected to,今日は休みのはずです。,Today should be a holiday.,Choose the grammar pattern that best fits this sentence meaning: Today should be a holiday.,ように,せいで,より,はずだ,3
n3-feelings-requests,grammar,はずだ,,should be or expected to,田中さんは会議に来るはずです。,Tanaka should come to the meeting.,Choose the grammar pattern that best fits this sentence meaning: Tanaka should come to the meeting.,なくてもいい,ことになる,ないと,はずだ,3
n3-feelings-requests,grammar,はずだ,,should be or expected to,この時間ならまだ開いているはずです。,At this time it should still be open.,Choose the grammar pattern that best fits this sentence meaning: At this time it should still be open.,ほど,ことになる,はずだ,なくてもいい,2
n3-feelings-requests,grammar,なくてもいい,,do not have to,明日は制服を着なくてもいいです。,You do not have to wear a uniform tomorrow.,Choose the grammar pattern that best fits this sentence meaning: You do not have to wear a uniform tomorrow.,はずだ,ことがある,ばよかった,なくてもいい,3
n3-feelings-requests,grammar,なくてもいい,,do not have to,急がなくてもいいですよ。,You do not have to hurry.,Choose the grammar pattern that best fits this sentence meaning: You do not have to hurry.,なくてもいい,せいで,ことになっている,くらい,0
n3-feelings-requests,grammar,なくてもいい,,do not have to,全部食べなくてもいいです。,You do not have to eat everything.,Choose the grammar pattern that best fits this sentence meaning: You do not have to eat everything.,だけ,なくてもいい,ことがある,に比べて,1
n3-feelings-requests,grammar,なくてもいい,,do not have to,名前を書かなくてもいい場合があります。,There are cases when you do not have to write your name.,Choose the grammar pattern that best fits this sentence meaning: There are cases when you do not have to write your name.,なら,なくてもいい,っぱなし,だけ,1
n3-feelings-requests,grammar,なくてもいい,,do not have to,今日は来なくてもいいと言われました。,I was told I do not have to come today.,Choose the grammar pattern that best fits this sentence meaning: I was told I do not have to come today.,ようにする,てしまう,ないと,なくてもいい,3
n3-feelings-requests,grammar,てはいけない,,must not,ここで写真を撮ってはいけません。,You must not take photos here.,Choose the grammar pattern that best fits this sentence meaning: You must not take photos here.,てはいけない,について,べき,以内,0
n3-feelings-requests,grammar,てはいけない,,must not,授業中にスマホを使ってはいけません。,You must not use your phone during class.,Choose the grammar pattern that best fits this sentence meaning: You must not use your phone during class.,なければならない,かもしれない,てはいけない,まま,2
n3-feelings-requests,grammar,てはいけない,,must not,この部屋に入ってはいけません。,You must not enter this room.,Choose the grammar pattern that best fits this sentence meaning: You must not enter this room.,ことになっている,たところ,てはいけない,ないと,2
n3-feelings-requests,grammar,てはいけない,,must not,薬を二回分飲んではいけません。,You must not take two doses of medicine.,Choose the grammar pattern that best fits this sentence meaning: You must not take two doses of medicine.,以内,てみる,ても,てはいけない,3
n3-feelings-requests,grammar,てはいけない,,must not,図書館で大きな声で話してはいけません。,You must not speak loudly in the library.,Choose the grammar pattern that best fits this sentence meaning: You must not speak loudly in the library.,しかない,てはいけない,に比べて,ことがある,1
n3-feelings-requests,grammar,てくれる,,someone does for me,友だちが宿題を手伝ってくれました。,My friend helped me with my homework.,Choose the grammar pattern that best fits this sentence meaning: My friend helped me with my homework.,てくれる,はずだ,てしまう,ながら,0
n3-feelings-requests,grammar,てくれる,,someone does for me,母が駅まで迎えに来てくれました。,My mother came to pick me up at the station.,Choose the grammar pattern that best fits this sentence meaning: My mother came to pick me up at the station.,てくれる,くらい,しかない,たら,0
n3-feelings-requests,grammar,てくれる,,someone does for me,先生が作文を直してくれました。,The teacher corrected my essay for me.,Choose the grammar pattern that best fits this sentence meaning: The teacher corrected my essay for me.,ために,なくてもいい,てくれる,くらい,2
n3-feelings-requests,grammar,てくれる,,someone does for me,同僚が資料をコピーしてくれました。,My coworker copied the materials for me.,Choose the grammar pattern that best fits this sentence meaning: My coworker copied the materials for me.,なら,てくれる,せいで,たら,1
n3-feelings-requests,grammar,てくれる,,someone does for me,兄がパソコンの使い方を教えてくれました。,My older brother taught me how to use the computer.,Choose the grammar pattern that best fits this sentence meaning: My older brother taught me how to use the computer.,ことになる,たところ,てくれる,べき,2
n3-feelings-requests,grammar,ばよかった,,should have,もっと早く連絡すればよかったです。,I should have contacted you earlier.,Choose the grammar pattern that best fits this sentence meaning: I should have contacted you earlier.,ばよかった,より,せいで,てほしい,0
n3-feelings-requests,grammar,ばよかった,,should have,傘を持ってくればよかったです。,I should have brought an umbrella.,Choose the grammar pattern that best fits this sentence meaning: I should have brought an umbrella.,てみる,てもらえませんか,ばよかった,かもしれない,2
n3-feelings-requests,grammar,ばよかった,,should have,昨日勉強しておけばよかったです。,I should have studied yesterday.,Choose the grammar pattern that best fits this sentence meaning: I should have studied yesterday.,そうだ,ても,ばよかった,について,2
n3-feelings-requests,grammar,ばよかった,,should have,あの時、謝ればよかったです。,I should have apologized then.,Choose the grammar pattern that best fits this sentence meaning: I should have apologized then.,ことになっている,ばよかった,以内,ことがある,1
n3-feelings-requests,grammar,ばよかった,,should have,駅で切符を買えばよかったです。,I should have bought a ticket at the station.,Choose the grammar pattern that best fits this sentence meaning: I should have bought a ticket at the station.,たところ,ばよかった,ことがある,ても,1
n3-work-school,vocab,会議,かいぎ,meeting,学校や会社で、会議について説明を受けました。,At school or work I received an explanation about meeting.,What is the closest meaning of 「会議」?,meeting,distance,length,deadline,0
n3-work-school,vocab,課題,かだい,assignment,学校や会社で、課題について説明を受けました。,At school or work I received an explanation about assignment.,What is the closest meaning of 「課題」?,number of people,assignment,shoes,address,1
n3-work-school,vocab,提出,ていしゅつ,submission,学校や会社で、提出について説明を受けました。,At school or work I received an explanation about submission.,What is the closest meaning of 「提出」?,approximately,to cry,submission,looking forward to,2
n3-work-school,vocab,連絡,れんらく,contact,学校や会社で、連絡について説明を受けました。,At school or work I received an explanation about contact.,What is the closest meaning of 「連絡」?,degree,subordinate,embarrassing,contact,3
n3-work-school,vocab,遅刻,ちこく,being late,学校や会社で、遅刻について説明を受けました。,At school or work I received an explanation about being late.,What is the closest meaning of 「遅刻」?,difference,being late,completion,change,1
n3-work-school,vocab,欠席,けっせき,absence,学校や会社で、欠席について説明を受けました。,At school or work I received an explanation about absence.,What is the closest meaning of 「欠席」?,class,answer,necessity,absence,3
n3-work-school,vocab,出席,しゅっせき,attendance,学校や会社で、出席について説明を受けました。,At school or work I received an explanation about attendance.,What is the closest meaning of 「出席」?,total,increase,written sentence,attendance,3
n3-work-school,vocab,授業,じゅぎょう,class,学校や会社で、授業について説明を受けました。,At school or work I received an explanation about class.,What is the closest meaning of 「授業」?,experience,preparation before class,class,being in charge,2
n3-work-school,vocab,講義,こうぎ,lecture,学校や会社で、講義について説明を受けました。,At school or work I received an explanation about lecture.,What is the closest meaning of 「講義」?,lecture,solution,report,a little,0
n3-work-school,vocab,先生,せんせい,teacher,学校や会社で、先生について説明を受けました。,At school or work I received an explanation about teacher.,What is the closest meaning of 「先生」?,end,teacher,polite,materials,1
n3-work-school,vocab,生徒,せいと,student,学校や会社で、生徒について説明を受けました。,At school or work I received an explanation about student.,What is the closest meaning of 「生徒」?,within,student,traffic light,role,1
n3-work-school,vocab,同僚,どうりょう,coworker,学校や会社で、同僚について説明を受けました。,At school or work I received an explanation about coworker.,What is the closest meaning of 「同僚」?,quantity,consecutive holidays,office,coworker,3
n3-work-school,vocab,上司,じょうし,supervisor,学校や会社で、上司について説明を受けました。,At school or work I received an explanation about supervisor.,What is the closest meaning of 「上司」?,supervisor,parking,exam,evaluation,0
n3-work-school,vocab,部下,ぶか,subordinate,学校や会社で、部下について説明を受けました。,At school or work I received an explanation about subordinate.,What is the closest meaning of 「部下」?,less than,area or spaciousness,subordinate,facial expression,2
n3-work-school,vocab,会社,かいしゃ,company,学校や会社で、会社について説明を受けました。,At school or work I received an explanation about company.,What is the closest meaning of 「会社」?,company,assistance,meeting,condition,0
n3-work-school,vocab,職場,しょくば,workplace,学校や会社で、職場について説明を受けました。,At school or work I received an explanation about workplace.,What is the closest meaning of 「職場」?,workplace,being in charge,before,experience,0
n3-work-school,vocab,仕事,しごと,work,学校や会社で、仕事について説明を受けました。,At school or work I received an explanation about work.,What is the closest meaning of 「仕事」?,reception desk,gratitude,work,report,2
n3-work-school,vocab,勤務,きんむ,work duty,学校や会社で、勤務について説明を受けました。,At school or work I received an explanation about work duty.,What is the closest meaning of 「勤務」?,every time,to be troubled,work duty,times as much,2
n3-work-school,vocab,残業,ざんぎょう,overtime work,学校や会社で、残業について説明を受けました。,At school or work I received an explanation about overtime work.,What is the closest meaning of 「残業」?,rule,overtime work,speed,score,1
n3-work-school,vocab,給料,きゅうりょう,salary,学校や会社で、給料について説明を受けました。,At school or work I received an explanation about salary.,What is the closest meaning of 「給料」?,report,salary,deadline,not more than,1
n3-work-school,vocab,面接,めんせつ,interview,学校や会社で、面接について説明を受けました。,At school or work I received an explanation about interview.,What is the closest meaning of 「面接」?,to apologize,interview,salary,evaluation,1
n3-work-school,vocab,履歴書,りれきしょ,resume,学校や会社で、履歴書について説明を受けました。,At school or work I received an explanation about resume.,What is the closest meaning of 「履歴書」?,cause,improvement,amount,resume,3
n3-work-school,vocab,資料,しりょう,materials,学校や会社で、資料について説明を受けました。,At school or work I received an explanation about materials.,What is the closest meaning of 「資料」?,boredom,materials,courage,to be troubled,1
n3-work-school,vocab,書類,しょるい,documents,学校や会社で、書類について説明を受けました。,At school or work I received an explanation about documents.,What is the closest meaning of 「書類」?,case or situation,class,documents,being late,2
n3-work-school,vocab,報告,ほうこく,report,学校や会社で、報告について説明を受けました。,At school or work I received an explanation about report.,What is the closest meaning of 「報告」?,recently,deadline,report,walk,2
n3-work-school,vocab,発表,はっぴょう,presentation,学校や会社で、発表について説明を受けました。,At school or work I received an explanation about presentation.,What is the closest meaning of 「発表」?,not good at,sleepy,company,presentation,3
n3-work-school,vocab,説明,せつめい,explanation,学校や会社で、説明について説明を受けました。,At school or work I received an explanation about explanation.,What is the closest meaning of 「説明」?,increase,explanation,cleaning,coworker,1
n3-work-school,vocab,質問,しつもん,question,学校や会社で、質問について説明を受けました。,At school or work I received an explanation about question.,What is the closest meaning of 「質問」?,experience,question,method,times as much,1
n3-work-school,vocab,答え,こたえ,answer,学校や会社で、答えについて説明を受けました。,At school or work I received an explanation about answer.,What is the closest meaning of 「答え」?,answer,meeting,increase,purpose,0
n3-work-school,vocab,宿題,しゅくだい,homework,学校や会社で、宿題について説明を受けました。,At school or work I received an explanation about homework.,What is the closest meaning of 「宿題」?,clothes,being late,kindness,homework,3
n3-work-school,vocab,試験,しけん,exam,学校や会社で、試験について説明を受けました。,At school or work I received an explanation about exam.,What is the closest meaning of 「試験」?,convenience,assistance,part,exam,3
n3-work-school,vocab,成績,せいせき,grades,学校や会社で、成績について説明を受けました。,At school or work I received an explanation about grades.,What is the closest meaning of 「成績」?,walk,grades,hope,cough,1
n3-work-school,vocab,教室,きょうしつ,classroom,学校や会社で、教室について説明を受けました。,At school or work I received an explanation about classroom.,What is the closest meaning of 「教室」?,table of contents,to get angry,classroom,goal,2
n3-work-school,vocab,事務所,じむしょ,office,学校や会社で、事務所について説明を受けました。,At school or work I received an explanation about office.,What is the closest meaning of 「事務所」?,office,method,looking forward to,overtime work,0
n3-work-school,vocab,休憩,きゅうけい,break,学校や会社で、休憩について説明を受けました。,At school or work I received an explanation about break.,What is the closest meaning of 「休憩」?,break,to laugh,worry,shoes,0
n3-work-school,vocab,研修,けんしゅう,training,学校や会社で、研修について説明を受けました。,At school or work I received an explanation about training.,What is the closest meaning of 「研修」?,clothes,improvement,training,hiring,2
n3-work-school,vocab,採用,さいよう,hiring,学校や会社で、採用について説明を受けました。,At school or work I received an explanation about hiring.,What is the closest meaning of 「採用」?,area or spaciousness,hiring,possibility,times as much,1
n3-work-school,vocab,担当,たんとう,being in charge,学校や会社で、担当について説明を受けました。,At school or work I received an explanation about being in charge.,What is the closest meaning of 「担当」?,sleepy,being in charge,condition,role,1
n3-work-school,vocab,役割,やくわり,role,学校や会社で、役割について説明を受けました。,At school or work I received an explanation about role.,What is the closest meaning of 「役割」?,role,before,to cry,promise,0
n3-work-school,vocab,責任,せきにん,responsibility,学校や会社で、責任について説明を受けました。,At school or work I received an explanation about responsibility.,What is the closest meaning of 「責任」?,gratitude,same,responsibility,order,2
n3-work-school,vocab,規則,きそく,rule,学校や会社で、規則について説明を受けました。,At school or work I received an explanation about rule.,What is the closest meaning of 「規則」?,rule,explanation,business trip,contact,0
n3-work-school,vocab,連休,れんきゅう,consecutive holidays,学校や会社で、連休について説明を受けました。,At school or work I received an explanation about consecutive holidays.,What is the closest meaning of 「連休」?,weight,consecutive holidays,all,cancellation,1
n3-work-school,vocab,出張,しゅっちょう,business trip,学校や会社で、出張について説明を受けました。,At school or work I received an explanation about business trip.,What is the closest meaning of 「出張」?,choice,necessity,business trip,effect,2
n3-work-school,vocab,目次,もくじ,table of contents,学校や会社で、目次について説明を受けました。,At school or work I received an explanation about table of contents.,What is the closest meaning of 「目次」?,table of contents,to get angry,report,recently,0
n3-work-school,vocab,内容,ないよう,content,学校や会社で、内容について説明を受けました。,At school or work I received an explanation about content.,What is the closest meaning of 「内容」?,student,content,a little,anxiety,1
n3-work-school,vocab,文章,ぶんしょう,written sentence,学校や会社で、文章について説明を受けました。,At school or work I received an explanation about written sentence.,What is the closest meaning of 「文章」?,polite,written sentence,relationship,necessity,1
n3-work-school,vocab,漢字,かんじ,kanji,学校や会社で、漢字について説明を受けました。,At school or work I received an explanation about kanji.,What is the closest meaning of 「漢字」?,purpose,change or revision,confirmation,kanji,3
n3-work-school,vocab,単語,たんご,vocabulary word,学校や会社で、単語について説明を受けました。,At school or work I received an explanation about vocabulary word.,What is the closest meaning of 「単語」?,vocabulary word,submission,supervisor,not good at,0
n3-work-school,vocab,練習,れんしゅう,practice,学校や会社で、練習について説明を受けました。,At school or work I received an explanation about practice.,What is the closest meaning of 「練習」?,convenience,deadline,practice,not good at,2
n3-work-school,vocab,評価,ひょうか,evaluation,学校や会社で、評価について説明を受けました。,At school or work I received an explanation about evaluation.,What is the closest meaning of 「評価」?,umbrella,subordinate,evaluation,lecture,2
n3-work-school,grammar,なければならない,,must,明日までにこの書類を出さなければなりません。,I must submit this document by tomorrow.,Choose the grammar pattern that best fits this sentence meaning: I must submit this document by tomorrow.,てくれる,っぱなし,しかない,なければならない,3
n3-work-school,grammar,なければならない,,must,試験の前に復習しなければなりません。,I must review before the exam.,Choose the grammar pattern that best fits this sentence meaning: I must review before the exam.,おかげで,っぱなし,より,なければならない,3
n3-work-school,grammar,なければならない,,must,会議には必ず出席しなければなりません。,I must attend the meeting.,Choose the grammar pattern that best fits this sentence meaning: I must attend the meeting.,てはいけない,なければならない,だけ,ばよかった,1
n3-work-school,grammar,なければならない,,must,レポートは日本語で書かなければなりません。,I must write the report in Japanese.,Choose the grammar pattern that best fits this sentence meaning: I must write the report in Japanese.,なければならない,てくれる,ために,てある,0
n3-work-school,grammar,なければならない,,must,会社の規則を守らなければなりません。,I must follow the company rules.,Choose the grammar pattern that best fits this sentence meaning: I must follow the company rules.,ことになっている,に比べて,なければならない,について,2
n3-work-school,grammar,ことになっている,,be scheduled or decided,この会社では九時に朝礼をすることになっています。,At this company it is decided that morning meetings are held at nine.,Choose the grammar pattern that best fits this sentence meaning: At this company it is decided that morning meetings are held at nine.,べき,ほど,ておく,ことになっている,3
n3-work-school,grammar,ことになっている,,be scheduled or decided,授業中はスマホを使わないことになっています。,It is decided that phones are not used during class.,Choose the grammar pattern that best fits this sentence meaning: It is decided that phones are not used during class.,ように,ことになっている,ばかり,ことになる,1
n3-work-school,grammar,ことになっている,,be scheduled or decided,資料は前日までに提出することになっています。,It is decided that materials are submitted by the day before.,Choose the grammar pattern that best fits this sentence meaning: It is decided that materials are submitted by the day before.,以上,ことになっている,てくれる,まま,1
n3-work-school,grammar,ことになっている,,be scheduled or decided,会議は毎週月曜日に行うことになっています。,The meeting is scheduled to be held every Monday.,Choose the grammar pattern that best fits this sentence meaning: The meeting is scheduled to be held every Monday.,以内,ても,ことになっている,ばかり,2
n3-work-school,grammar,ことになっている,,be scheduled or decided,学校では名札をつけることになっています。,At school it is decided that name tags are worn.,Choose the grammar pattern that best fits this sentence meaning: At school it is decided that name tags are worn.,てある,ながら,べき,ことになっている,3
n3-work-school,grammar,ようになる,,come to be able to or come to do,毎日練習して漢字が読めるようになりました。,After practicing every day I became able to read kanji.,Choose the grammar pattern that best fits this sentence meaning: After practicing every day I became able to read kanji.,ようになる,までに,ようにする,ために,0
n3-work-school,grammar,ようになる,,come to be able to or come to do,日本語でメールが書けるようになりました。,I became able to write emails in Japanese.,Choose the grammar pattern that best fits this sentence meaning: I became able to write emails in Japanese.,ないと,なくてもいい,ようになる,より,2
n3-work-school,grammar,ようになる,,come to be able to or come to do,早起きするようになりました。,I came to wake up early.,Choose the grammar pattern that best fits this sentence meaning: I came to wake up early.,だけ,ようになる,ために,ばよかった,1
n3-work-school,grammar,ようになる,,come to be able to or come to do,仕事に慣れて、ミスが少なくなるようになりました。,After getting used to work I came to make fewer mistakes.,Choose the grammar pattern that best fits this sentence meaning: After getting used to work I came to make fewer mistakes.,ようになる,てある,てもらえませんか,てほしい,0
n3-work-school,grammar,ようになる,,come to be able to or come to do,授業で質問できるようになりました。,I became able to ask questions in class.,Choose the grammar pattern that best fits this sentence meaning: I became able to ask questions in class.,ことになっている,ほど,ようになる,そうだ,2
n3-work-school,grammar,てしまう,,do completely or unfortunately,大事なファイルを消してしまいました。,I accidentally deleted an important file.,Choose the grammar pattern that best fits this sentence meaning: I accidentally deleted an important file.,せいで,そうだ,てしまう,ことになっている,2
n3-work-school,grammar,てしまう,,do completely or unfortunately,宿題を家に忘れてしまいました。,I unfortunately forgot my homework at home.,Choose the grammar pattern that best fits this sentence meaning: I unfortunately forgot my homework at home.,以内,ば,ておく,てしまう,3
n3-work-school,grammar,てしまう,,do completely or unfortunately,レポートを全部書いてしまいました。,I finished writing the whole report.,Choose the grammar pattern that best fits this sentence meaning: I finished writing the whole report.,そうだ,ずつ,てしまう,かもしれない,2
n3-work-school,grammar,てしまう,,do completely or unfortunately,会議の時間を間違えてしまいました。,I unfortunately got the meeting time wrong.,Choose the grammar pattern that best fits this sentence meaning: I unfortunately got the meeting time wrong.,てはいけない,以内,てもらえませんか,てしまう,3
n3-work-school,grammar,てしまう,,do completely or unfortunately,資料を印刷してしまいましょう。,Let us finish printing the materials.,Choose the grammar pattern that best fits this sentence meaning: Let us finish printing the materials.,なければならない,ずつ,てはいけない,てしまう,3
n3-work-school,grammar,ために,,in order to,試験に合格するために毎日勉強しています。,I study every day in order to pass the exam.,Choose the grammar pattern that best fits this sentence meaning: I study every day in order to pass the exam.,までに,ために,まま,たところ,1
n3-work-school,grammar,ために,,in order to,発表のために資料を作りました。,I made materials for the presentation.,Choose the grammar pattern that best fits this sentence meaning: I made materials for the presentation.,てみる,ても,たら,ために,3
n3-work-school,grammar,ために,,in order to,新しい仕事を探すために履歴書を書きました。,I wrote a resume in order to look for a new job.,Choose the grammar pattern that best fits this sentence meaning: I wrote a resume in order to look for a new job.,と,ために,について,として,1
n3-work-school,grammar,ために,,in order to,日本語を上達させるためにニュースを読みます。,I read the news in order to improve my Japanese.,Choose the grammar pattern that best fits this sentence meaning: I read the news in order to improve my Japanese.,として,かもしれない,ために,ように,2
n3-work-school,grammar,ために,,in order to,時間を守るために早めに出ます。,I leave early in order to be on time.,Choose the grammar pattern that best fits this sentence meaning: I leave early in order to be on time.,くらい,ために,てある,てはいけない,1
n3-work-school,grammar,について,,about,今日の会議では新しい計画について話します。,In today's meeting we will talk about the new plan.,Choose the grammar pattern that best fits this sentence meaning: In today's meeting we will talk about the new plan.,てみる,てもらえませんか,について,なら,2
n3-work-school,grammar,について,,about,先生に進路について相談しました。,I consulted my teacher about my future path.,Choose the grammar pattern that best fits this sentence meaning: I consulted my teacher about my future path.,について,ているところ,てある,ことになっている,0
n3-work-school,grammar,について,,about,この資料について質問があります。,I have a question about this material.,Choose the grammar pattern that best fits this sentence meaning: I have a question about this material.,に比べて,ても,について,より,2
n3-work-school,grammar,について,,about,会社の規則について説明を受けました。,I received an explanation about company rules.,Choose the grammar pattern that best fits this sentence meaning: I received an explanation about company rules.,以内,について,はずだ,ほど,1
n3-work-school,grammar,について,,about,日本の文化について発表しました。,I gave a presentation about Japanese culture.,Choose the grammar pattern that best fits this sentence meaning: I gave a presentation about Japanese culture.,ように,について,までに,てはいけない,1
n3-work-school,grammar,に対して,,toward or against,先生に対して丁寧な言葉を使います。,I use polite language toward the teacher.,Choose the grammar pattern that best fits this sentence meaning: I use polite language toward the teacher.,ことがある,せいで,に対して,ずつ,2
n3-work-school,grammar,に対して,,toward or against,この意見に対して質問があります。,I have a question regarding this opinion.,Choose the grammar pattern that best fits this sentence meaning: I have a question regarding this opinion.,ほど,てある,ているところ,に対して,3
n3-work-school,grammar,に対して,,toward or against,お客様に対して失礼な態度を取ってはいけません。,You must not behave rudely toward customers.,Choose the grammar pattern that best fits this sentence meaning: You must not behave rudely toward customers.,に対して,っぱなし,てはいけない,ほど,0
n3-work-school,grammar,に対して,,toward or against,新しい制度に対して不安があります。,I have anxiety toward the new system.,Choose the grammar pattern that best fits this sentence meaning: I have anxiety toward the new system.,はずだ,ながら,てはいけない,に対して,3
n3-work-school,grammar,に対して,,toward or against,学生に対してアンケートを行いました。,We conducted a survey for students.,Choose the grammar pattern that best fits this sentence meaning: We conducted a survey for students.,はずだ,に対して,しかない,ことになる,1
n3-work-school,grammar,として,,as,彼はリーダーとして働いています。,He is working as a leader.,Choose the grammar pattern that best fits this sentence meaning: He is working as a leader.,てほしい,たところ,ながら,として,3
n3-work-school,grammar,として,,as,私は通訳として会議に参加しました。,I joined the meeting as an interpreter.,Choose the grammar pattern that best fits this sentence meaning: I joined the meeting as an interpreter.,として,ようにする,そうだ,なくてもいい,0
n3-work-school,grammar,として,,as,この経験は社会人として大切です。,This experience is important as a working adult.,Choose the grammar pattern that best fits this sentence meaning: This experience is important as a working adult.,ても,について,までに,として,3
n3-work-school,grammar,として,,as,彼女は代表として意見を述べました。,She expressed an opinion as a representative.,Choose the grammar pattern that best fits this sentence meaning: She expressed an opinion as a representative.,ながら,として,以内,ほど,1
n3-work-school,grammar,として,,as,アルバイトとして店で働いています。,I work at a shop as a part-time worker.,Choose the grammar pattern that best fits this sentence meaning: I work at a shop as a part-time worker.,ても,たところ,として,ほど,2
n3-work-school,grammar,までに,,by a deadline,金曜日までにレポートを出してください。,Please submit the report by Friday.,Choose the grammar pattern that best fits this sentence meaning: Please submit the report by Friday.,てほしい,なければならない,ばよかった,までに,3
n3-work-school,grammar,までに,,by a deadline,九時までに教室に来てください。,Please come to the classroom by nine.,Choose the grammar pattern that best fits this sentence meaning: Please come to the classroom by nine.,なら,はずだ,てある,までに,3
n3-work-school,grammar,までに,,by a deadline,来週までに資料を準備します。,I will prepare the materials by next week.,Choose the grammar pattern that best fits this sentence meaning: I will prepare the materials by next week.,ようにする,までに,てほしい,に対して,1
n3-work-school,grammar,までに,,by a deadline,昼休みまでに連絡してください。,Please contact me by lunch break.,Choose the grammar pattern that best fits this sentence meaning: Please contact me by lunch break.,だけ,までに,ように,てある,1
n3-work-school,grammar,までに,,by a deadline,月末までに申込書を提出します。,I will submit the application form by the end of the month.,Choose the grammar pattern that best fits this sentence meaning: I will submit the application form by the end of the month.,てある,までに,ほど,以上,1
n3-work-school,grammar,べき,,should,学生は時間を守るべきです。,Students should be punctual.,Choose the grammar pattern that best fits this sentence meaning: Students should be punctual.,べき,だけ,かもしれない,はずだ,0
n3-work-school,grammar,べき,,should,大事なメールはすぐに返事をするべきです。,Important emails should be replied to quickly.,Choose the grammar pattern that best fits this sentence meaning: Important emails should be replied to quickly.,せいで,べき,しかない,てはいけない,1
n3-work-school,grammar,べき,,should,分からないことは質問するべきです。,You should ask about things you do not understand.,Choose the grammar pattern that best fits this sentence meaning: You should ask about things you do not understand.,ようになる,てほしい,べき,てある,2
n3-work-school,grammar,べき,,should,仕事では約束を守るべきです。,At work you should keep promises.,Choose the grammar pattern that best fits this sentence meaning: At work you should keep promises.,ても,だけ,なら,べき,3
n3-work-school,grammar,べき,,should,資料は分かりやすく作るべきです。,Materials should be made easy to understand.,Choose the grammar pattern that best fits this sentence meaning: Materials should be made easy to understand.,ほど,てくれる,べき,ながら,2
n3-comparison-amount,vocab,値段,ねだん,price,この資料では、値段を分かりやすく比べています。,This material compares price in an easy-to-understand way.,What is the closest meaning of 「値段」?,average,price,kindness,meal,1
n3-comparison-amount,vocab,数量,すうりょう,quantity,この資料では、数量を分かりやすく比べています。,This material compares quantity in an easy-to-understand way.,What is the closest meaning of 「数量」?,teacher,weight,less than,quantity,3
n3-comparison-amount,vocab,半分,はんぶん,half,この資料では、半分を分かりやすく比べています。,This material compares half in an easy-to-understand way.,What is the closest meaning of 「半分」?,half,role,vocabulary word,all,0
n3-comparison-amount,vocab,平均,へいきん,average,この資料では、平均を分かりやすく比べています。,This material compares average in an easy-to-understand way.,What is the closest meaning of 「平均」?,to invite,average,safety,mail,1
n3-comparison-amount,vocab,以上,いじょう,at least or more than,この資料では、以上を分かりやすく比べています。,This material compares at least or more than in an easy-to-understand way.,What is the closest meaning of 「以上」?,to be pleased,parking,at least or more than,all,2
n3-comparison-amount,vocab,以下,いか,not more than,この資料では、以下を分かりやすく比べています。,This material compares not more than in an easy-to-understand way.,What is the closest meaning of 「以下」?,room,not more than,depth,weight,1
n3-comparison-amount,vocab,未満,みまん,less than,この資料では、未満を分かりやすく比べています。,This material compares less than in an easy-to-understand way.,What is the closest meaning of 「未満」?,increase,less than,ticket gate,to refuse,1
n3-comparison-amount,vocab,以内,いない,within,この資料では、以内を分かりやすく比べています。,This material compares within in an easy-to-understand way.,What is the closest meaning of 「以内」?,score,bath,a little,within,3
n3-comparison-amount,vocab,以外,いがい,except for,この資料では、以外を分かりやすく比べています。,This material compares except for in an easy-to-understand way.,What is the closest meaning of 「以外」?,to get angry,except for,change,meeting,1
n3-comparison-amount,vocab,合計,ごうけい,total,この資料では、合計を分かりやすく比べています。,This material compares total in an easy-to-understand way.,What is the closest meaning of 「合計」?,price,to apologize,total,information,2
n3-comparison-amount,vocab,割合,わりあい,ratio,この資料では、割合を分かりやすく比べています。,This material compares ratio in an easy-to-understand way.,What is the closest meaning of 「割合」?,content,start,ratio,safety,2
n3-comparison-amount,vocab,程度,ていど,degree,この資料では、程度を分かりやすく比べています。,This material compares degree in an easy-to-understand way.,What is the closest meaning of 「程度」?,rude,joke,degree,cloudy weather,2
n3-comparison-amount,vocab,比較,ひかく,comparison,この資料では、比較を分かりやすく比べています。,This material compares comparison in an easy-to-understand way.,What is the closest meaning of 「比較」?,total,comparison,confirmation,ticket,1
n3-comparison-amount,vocab,差,さ,difference,この資料では、差を分かりやすく比べています。,This material compares difference in an easy-to-understand way.,What is the closest meaning of 「差」?,to invite,improvement,difference,role,2
n3-comparison-amount,vocab,数字,すうじ,number,この資料では、数字を分かりやすく比べています。,This material compares number in an easy-to-understand way.,What is the closest meaning of 「数字」?,cancellation,number,goal,parking,1
n3-comparison-amount,vocab,点数,てんすう,score,この資料では、点数を分かりやすく比べています。,This material compares score in an easy-to-understand way.,What is the closest meaning of 「点数」?,consecutive holidays,price,score,shortage,2
n3-comparison-amount,vocab,人数,にんずう,number of people,この資料では、人数を分かりやすく比べています。,This material compares number of people in an easy-to-understand way.,What is the closest meaning of 「人数」?,clear weather,training,number of people,preparation,2
n3-comparison-amount,vocab,回数,かいすう,number of times,この資料では、回数を分かりやすく比べています。,This material compares number of times in an easy-to-understand way.,What is the closest meaning of 「回数」?,practice,number of times,deadline,clear weather,1
n3-comparison-amount,vocab,倍,ばい,times as much,この資料では、倍を分かりやすく比べています。,This material compares times as much in an easy-to-understand way.,What is the closest meaning of 「倍」?,meal,cloudy weather,to laugh,times as much,3
n3-comparison-amount,vocab,量,りょう,amount,この資料では、量を分かりやすく比べています。,This material compares amount in an easy-to-understand way.,What is the closest meaning of 「量」?,hiring,cooking,order,amount,3
n3-comparison-amount,vocab,少し,すこし,a little,この資料では、少しを分かりやすく比べています。,This material compares a little in an easy-to-understand way.,What is the closest meaning of 「少し」?,wallet,role,feeling,a little,3
n3-comparison-amount,vocab,かなり,かなり,quite,この資料では、かなりを分かりやすく比べています。,This material compares quite in an easy-to-understand way.,What is the closest meaning of 「かなり」?,quite,responsibility,being in charge,absence,0
n3-comparison-amount,vocab,ほとんど,ほとんど,almost,この資料では、ほとんどを分かりやすく比べています。,This material compares almost in an easy-to-understand way.,What is the closest meaning of 「ほとんど」?,relationship,start,almost,cooking,2
n3-comparison-amount,vocab,だいたい,だいたい,approximately,この資料では、だいたいを分かりやすく比べています。,This material compares approximately in an easy-to-understand way.,What is the closest meaning of 「だいたい」?,reason,answer,area or spaciousness,approximately,3
n3-comparison-amount,vocab,全部,ぜんぶ,all,この資料では、全部を分かりやすく比べています。,This material compares all in an easy-to-understand way.,What is the closest meaning of 「全部」?,consecutive holidays,mail,all,weather,2
n3-comparison-amount,vocab,一部,いちぶ,part,この資料では、一部を分かりやすく比べています。,This material compares part in an easy-to-understand way.,What is the closest meaning of 「一部」?,transfer,cancellation,part,contact information,2
n3-comparison-amount,vocab,多数,たすう,majority,この資料では、多数を分かりやすく比べています。,This material compares majority in an easy-to-understand way.,What is the closest meaning of 「多数」?,condition,majority,kitchen,to get tired,1
n3-comparison-amount,vocab,少数,しょうすう,minority,この資料では、少数を分かりやすく比べています。,This material compares minority in an easy-to-understand way.,What is the closest meaning of 「少数」?,minority,delivery,vocabulary word,solution,0
n3-comparison-amount,vocab,同じ,おなじ,same,この資料では、同じを分かりやすく比べています。,This material compares same in an easy-to-understand way.,What is the closest meaning of 「同じ」?,joke,order,same,possibility,2
n3-comparison-amount,vocab,違い,ちがい,difference,この資料では、違いを分かりやすく比べています。,This material compares difference in an easy-to-understand way.,What is the closest meaning of 「違い」?,difference,traffic light,opposition,condition,0
n3-comparison-amount,vocab,高さ,たかさ,height,この資料では、高さを分かりやすく比べています。,This material compares height in an easy-to-understand way.,What is the closest meaning of 「高さ」?,height,directions,same,help,0
n3-comparison-amount,vocab,長さ,ながさ,length,この資料では、長さを分かりやすく比べています。,This material compares length in an easy-to-understand way.,What is the closest meaning of 「長さ」?,supervisor,quantity,length,facial expression,2
n3-comparison-amount,vocab,重さ,おもさ,weight,この資料では、重さを分かりやすく比べています。,This material compares weight in an easy-to-understand way.,What is the closest meaning of 「重さ」?,weight,company,worry,consultation,0
n3-comparison-amount,vocab,広さ,ひろさ,area or spaciousness,この資料では、広さを分かりやすく比べています。,This material compares area or spaciousness in an easy-to-understand way.,What is the closest meaning of 「広さ」?,area or spaciousness,continuation,question,plan,0
n3-comparison-amount,vocab,深さ,ふかさ,depth,この資料では、深さを分かりやすく比べています。,This material compares depth in an easy-to-understand way.,What is the closest meaning of 「深さ」?,depth,impossible,looking forward to,exam,0
n3-comparison-amount,vocab,速さ,はやさ,speed,この資料では、速さを分かりやすく比べています。,This material compares speed in an easy-to-understand way.,What is the closest meaning of 「速さ」?,weight,meeting,feeling,speed,3
n3-comparison-amount,vocab,近さ,ちかさ,closeness,この資料では、近さを分かりやすく比べています。,This material compares closeness in an easy-to-understand way.,What is the closest meaning of 「近さ」?,necessity,area or spaciousness,closeness,procedure,2
n3-comparison-amount,vocab,遠さ,とおさ,distance,この資料では、遠さを分かりやすく比べています。,This material compares distance in an easy-to-understand way.,What is the closest meaning of 「遠さ」?,distance,before,in front of the station,materials,0
n3-comparison-amount,vocab,最大,さいだい,maximum,この資料では、最大を分かりやすく比べています。,This material compares maximum in an easy-to-understand way.,What is the closest meaning of 「最大」?,polite,table of contents,maximum,reception desk,2
n3-comparison-amount,vocab,最小,さいしょう,minimum,この資料では、最小を分かりやすく比べています。,This material compares minimum in an easy-to-understand way.,What is the closest meaning of 「最小」?,being late,contact information,minimum,before,2
n3-comparison-amount,vocab,最初,さいしょ,beginning,この資料では、最初を分かりやすく比べています。,This material compares beginning in an easy-to-understand way.,What is the closest meaning of 「最初」?,information,explanation,beginning,shoes,2
n3-comparison-amount,vocab,最後,さいご,end,この資料では、最後を分かりやすく比べています。,This material compares end in an easy-to-understand way.,What is the closest meaning of 「最後」?,exam,maximum,end,rule,2
n3-comparison-amount,vocab,以前,いぜん,before,この資料では、以前を分かりやすく比べています。,This material compares before in an easy-to-understand way.,What is the closest meaning of 「以前」?,rude,cough,before,weather,2
n3-comparison-amount,vocab,以後,いご,after,この資料では、以後を分かりやすく比べています。,This material compares after in an easy-to-understand way.,What is the closest meaning of 「以後」?,meeting,after,confirmation,lonely,1
n3-comparison-amount,vocab,最近,さいきん,recently,この資料では、最近を分かりやすく比べています。,This material compares recently in an easy-to-understand way.,What is the closest meaning of 「最近」?,recently,to get angry,lecture,case or situation,0
n3-comparison-amount,vocab,毎回,まいかい,every time,この資料では、毎回を分かりやすく比べています。,This material compares every time in an easy-to-understand way.,What is the closest meaning of 「毎回」?,every time,almost,permission,decision,0
n3-comparison-amount,vocab,連続,れんぞく,continuation,この資料では、連続を分かりやすく比べています。,This material compares continuation in an easy-to-understand way.,What is the closest meaning of 「連続」?,continuation,schedule,confirmation,ticket,0
n3-comparison-amount,vocab,増加,ぞうか,increase,この資料では、増加を分かりやすく比べています。,This material compares increase in an easy-to-understand way.,What is the closest meaning of 「増加」?,same,consecutive holidays,answer,increase,3
n3-comparison-amount,vocab,減少,げんしょう,decrease,この資料では、減少を分かりやすく比べています。,This material compares decrease in an easy-to-understand way.,What is the closest meaning of 「減少」?,question,driving,decrease,lunch,2
n3-comparison-amount,vocab,半額,はんがく,half price,この資料では、半額を分かりやすく比べています。,This material compares half price in an easy-to-understand way.,What is the closest meaning of 「半額」?,solution,good at,half price,work,2
n3-comparison-amount,grammar,ほど,,to the extent of or as much as,今日は昨日ほど寒くありません。,Today is not as cold as yesterday.,Choose the grammar pattern that best fits this sentence meaning: Today is not as cold as yesterday.,ほど,ておく,ことがある,てもらえませんか,0
n3-comparison-amount,grammar,ほど,,to the extent of or as much as,この問題は思ったほど難しくありません。,This problem is not as difficult as I thought.,Choose the grammar pattern that best fits this sentence meaning: This problem is not as difficult as I thought.,ばかり,について,ほど,に比べて,2
n3-comparison-amount,grammar,ほど,,to the extent of or as much as,駅は学校ほど遠くありません。,The station is not as far as the school.,Choose the grammar pattern that best fits this sentence meaning: The station is not as far as the school.,かもしれない,ほど,たところ,ようにする,1
n3-comparison-amount,grammar,ほど,,to the extent of or as much as,今年は去年ほど忙しくありません。,This year is not as busy as last year.,Choose the grammar pattern that best fits this sentence meaning: This year is not as busy as last year.,ばかり,てもらえませんか,ほど,ているところ,2
n3-comparison-amount,grammar,ほど,,to the extent of or as much as,この店は有名なほど高くありません。,This shop is not as expensive as it is famous.,Choose the grammar pattern that best fits this sentence meaning: This shop is not as expensive as it is famous.,べき,ほど,として,まま,1
n3-comparison-amount,grammar,より,,than,電車より自転車のほうが早いこともあります。,Sometimes a bicycle is faster than the train.,Choose the grammar pattern that best fits this sentence meaning: Sometimes a bicycle is faster than the train.,てしまう,より,ないと,ようにする,1
n3-comparison-amount,grammar,より,,than,今日は昨日より暖かいです。,Today is warmer than yesterday.,Choose the grammar pattern that best fits this sentence meaning: Today is warmer than yesterday.,ずつ,なら,ために,より,3
n3-comparison-amount,grammar,より,,than,このかばんはあのかばんより軽いです。,This bag is lighter than that bag.,Choose the grammar pattern that best fits this sentence meaning: This bag is lighter than that bag.,より,しかない,たところ,てほしい,0
n3-comparison-amount,grammar,より,,than,日本語は前より分かるようになりました。,I have come to understand Japanese more than before.,Choose the grammar pattern that best fits this sentence meaning: I have come to understand Japanese more than before.,より,として,てある,てくれる,0
n3-comparison-amount,grammar,より,,than,駅よりスーパーのほうが近いです。,The supermarket is closer than the station.,Choose the grammar pattern that best fits this sentence meaning: The supermarket is closer than the station.,として,より,ながら,なければならない,1
n3-comparison-amount,grammar,くらい,,about or approximately,駅まで歩いて十分くらいです。,It is about ten minutes on foot to the station.,Choose the grammar pattern that best fits this sentence meaning: It is about ten minutes on foot to the station.,くらい,しかない,なら,てしまう,0
n3-comparison-amount,grammar,くらい,,about or approximately,一日に三時間くらい勉強します。,I study about three hours a day.,Choose the grammar pattern that best fits this sentence meaning: I study about three hours a day.,に比べて,かもしれない,くらい,ばかり,2
n3-comparison-amount,grammar,くらい,,about or approximately,この料理は五百円くらいでした。,This dish was about five hundred yen.,Choose the grammar pattern that best fits this sentence meaning: This dish was about five hundred yen.,くらい,ようだ,ために,ことになっている,0
n3-comparison-amount,grammar,くらい,,about or approximately,教室には二十人くらいいます。,There are about twenty people in the classroom.,Choose the grammar pattern that best fits this sentence meaning: There are about twenty people in the classroom.,くらい,てくれる,について,はずだ,0
n3-comparison-amount,grammar,くらい,,about or approximately,旅行には一週間くらいかかります。,The trip takes about one week.,Choose the grammar pattern that best fits this sentence meaning: The trip takes about one week.,以上,くらい,っぱなし,ずつ,1
n3-comparison-amount,grammar,だけ,,only,今日は五分だけ休みましょう。,Let us rest for only five minutes today.,Choose the grammar pattern that best fits this sentence meaning: Let us rest for only five minutes today.,だけ,っぱなし,と,せいで,0
n3-comparison-amount,grammar,だけ,,only,水だけ飲みました。,I drank only water.,Choose the grammar pattern that best fits this sentence meaning: I drank only water.,ながら,ようになる,てはいけない,だけ,3
n3-comparison-amount,grammar,だけ,,only,この店は昼だけ開いています。,This shop is open only at lunch.,Choose the grammar pattern that best fits this sentence meaning: This shop is open only at lunch.,たら,に比べて,ほど,だけ,3
n3-comparison-amount,grammar,だけ,,only,一つだけ質問してもいいですか。,May I ask only one question?,Choose the grammar pattern that best fits this sentence meaning: May I ask only one question?,てほしい,だけ,てくれる,ば,1
n3-comparison-amount,grammar,だけ,,only,週末だけアルバイトをしています。,I work part-time only on weekends.,Choose the grammar pattern that best fits this sentence meaning: I work part-time only on weekends.,として,だけ,ばかり,せいで,1
n3-comparison-amount,grammar,しかない,,only have or there is no choice but,財布に千円しかありません。,I only have one thousand yen in my wallet.,Choose the grammar pattern that best fits this sentence meaning: I only have one thousand yen in my wallet.,として,しかない,ているところ,てみる,1
n3-comparison-amount,grammar,しかない,,only have or there is no choice but,時間がないので、急ぐしかありません。,Because there is no time there is no choice but to hurry.,Choose the grammar pattern that best fits this sentence meaning: Because there is no time there is no choice but to hurry.,はずだ,と,しかない,ために,2
n3-comparison-amount,grammar,しかない,,only have or there is no choice but,席は一つしか残っていません。,Only one seat remains.,Choose the grammar pattern that best fits this sentence meaning: Only one seat remains.,ようにする,ようになる,しかない,てみる,2
n3-comparison-amount,grammar,しかない,,only have or there is no choice but,今日は水しか飲んでいません。,I have only drunk water today.,Choose the grammar pattern that best fits this sentence meaning: I have only drunk water today.,なくてもいい,しかない,ようにする,より,1
n3-comparison-amount,grammar,しかない,,only have or there is no choice but,バスがないので歩くしかありません。,There is no bus so there is no choice but to walk.,Choose the grammar pattern that best fits this sentence meaning: There is no bus so there is no choice but to walk.,てはいけない,しかない,ばよかった,てくれる,1
n3-comparison-amount,grammar,に比べて,,compared with,去年に比べて、今年は暑いです。,Compared with last year this year is hot.,Choose the grammar pattern that best fits this sentence meaning: Compared with last year this year is hot.,に比べて,てもらえませんか,てみる,ことになる,0
n3-comparison-amount,grammar,に比べて,,compared with,兄に比べて、弟は静かです。,Compared with his older brother the younger brother is quiet.,Choose the grammar pattern that best fits this sentence meaning: Compared with his older brother the younger brother is quiet.,ながら,なくてもいい,に比べて,と,2
n3-comparison-amount,grammar,に比べて,,compared with,東京に比べて、この町は家賃が安いです。,Compared with Tokyo rent in this town is cheap.,Choose the grammar pattern that best fits this sentence meaning: Compared with Tokyo rent in this town is cheap.,せいで,ようだ,に比べて,なくてもいい,2
n3-comparison-amount,grammar,に比べて,,compared with,前の仕事に比べて、今の仕事は忙しいです。,Compared with my previous job my current job is busy.,Choose the grammar pattern that best fits this sentence meaning: Compared with my previous job my current job is busy.,に比べて,ずつ,てある,だけ,0
n3-comparison-amount,grammar,に比べて,,compared with,紙の本に比べて、電子書籍は軽いです。,Compared with paper books e-books are light.,Choose the grammar pattern that best fits this sentence meaning: Compared with paper books e-books are light.,について,に比べて,ようにする,せいで,1
n3-comparison-amount,grammar,ばかり,,only or just,最近、甘いものばかり食べています。,Recently I eat only sweets.,Choose the grammar pattern that best fits this sentence meaning: Recently I eat only sweets.,たところ,ばかり,くらい,ながら,1
n3-comparison-amount,grammar,ばかり,,only or just,彼は文句ばかり言っています。,He only complains.,Choose the grammar pattern that best fits this sentence meaning: He only complains.,ながら,そうだ,かもしれない,ばかり,3
n3-comparison-amount,grammar,ばかり,,only or just,休みの日は寝てばかりいます。,On days off I only sleep.,Choose the grammar pattern that best fits this sentence meaning: On days off I only sleep.,ようになる,なければならない,ようにする,ばかり,3
n3-comparison-amount,grammar,ばかり,,only or just,同じ間違いばかりしています。,I keep making only the same mistake.,Choose the grammar pattern that best fits this sentence meaning: I keep making only the same mistake.,なくてもいい,より,ばかり,ないと,2
n3-comparison-amount,grammar,ばかり,,only or just,この店には若い人ばかり来ます。,Only young people come to this shop.,Choose the grammar pattern that best fits this sentence meaning: Only young people come to this shop.,に比べて,はずだ,ばかり,てみる,2
n3-comparison-amount,grammar,ずつ,,each,プリントを一枚ずつ取ってください。,Please take one handout each.,Choose the grammar pattern that best fits this sentence meaning: Please take one handout each.,ずつ,として,そうだ,ほど,0
n3-comparison-amount,grammar,ずつ,,each,毎日少しずつ日本語を覚えます。,I memorize Japanese little by little every day.,Choose the grammar pattern that best fits this sentence meaning: I memorize Japanese little by little every day.,ずつ,と,そうだ,てみる,0
n3-comparison-amount,grammar,ずつ,,each,二人ずつ部屋に入ってください。,Please enter the room two people at a time.,Choose the grammar pattern that best fits this sentence meaning: Please enter the room two people at a time.,っぱなし,なら,ずつ,ないと,2
n3-comparison-amount,grammar,ずつ,,each,ケーキを一つずつ配りました。,I handed out one cake each.,Choose the grammar pattern that best fits this sentence meaning: I handed out one cake each.,に対して,かもしれない,てみる,ずつ,3
n3-comparison-amount,grammar,ずつ,,each,駅は少しずつ近くなっています。,The station is getting closer little by little.,Choose the grammar pattern that best fits this sentence meaning: The station is getting closer little by little.,と,ないと,たら,ずつ,3
n3-comparison-amount,grammar,以上,,at least or more than,十八歳以上の人だけが申し込めます。,Only people aged eighteen or older can apply.,Choose the grammar pattern that best fits this sentence meaning: Only people aged eighteen or older can apply.,べき,以上,まま,ているところ,1
n3-comparison-amount,grammar,以上,,at least or more than,三十分以上待ちました。,I waited for more than thirty minutes.,Choose the grammar pattern that best fits this sentence meaning: I waited for more than thirty minutes.,ことがある,以内,以上,ようだ,2
n3-comparison-amount,grammar,以上,,at least or more than,五千円以上買うと送料が無料です。,If you buy five thousand yen or more shipping is free.,Choose the grammar pattern that best fits this sentence meaning: If you buy five thousand yen or more shipping is free.,以上,べき,までに,てくれる,0
n3-comparison-amount,grammar,以上,,at least or more than,この仕事には二年以上の経験が必要です。,This job requires at least two years of experience.,Choose the grammar pattern that best fits this sentence meaning: This job requires at least two years of experience.,以上,くらい,たら,ほど,0
n3-comparison-amount,grammar,以上,,at least or more than,十人以上集まれば、イベントを行います。,If ten or more people gather we will hold the event.,Choose the grammar pattern that best fits this sentence meaning: If ten or more people gather we will hold the event.,ても,まま,以上,なければならない,2
n3-comparison-amount,grammar,以内,,within,三日以内に返事をしてください。,Please reply within three days.,Choose the grammar pattern that best fits this sentence meaning: Please reply within three days.,と,以内,ようだ,ことになっている,1
n3-comparison-amount,grammar,以内,,within,駅から徒歩五分以内です。,It is within five minutes on foot from the station.,Choose the grammar pattern that best fits this sentence meaning: It is within five minutes on foot from the station.,以内,ことがある,なくてもいい,てくれる,0
n3-comparison-amount,grammar,以内,,within,一時間以内に終わると思います。,I think it will finish within one hour.,Choose the grammar pattern that best fits this sentence meaning: I think it will finish within one hour.,てはいけない,そうだ,以内,せいで,2
n3-comparison-amount,grammar,以内,,within,千円以内で昼ご飯を食べたいです。,I want to eat lunch within one thousand yen.,Choose the grammar pattern that best fits this sentence meaning: I want to eat lunch within one thousand yen.,たら,おかげで,ように,以内,3
n3-comparison-amount,grammar,以内,,within,この荷物は二週間以内に届きます。,This package will arrive within two weeks.,Choose the grammar pattern that best fits this sentence meaning: This package will arrive within two weeks.,以内,なら,てほしい,かもしれない,0
n2-opinion-judgment,vocab,判断,はんだん,judgment,筆者はこの判断について、具体的な例を挙げて説明している。,The author explains this judgment by giving concrete examples.,What is the closest meaning of 「判断」?,side effect,gap or shift,judgment,terms,2
n2-opinion-judgment,vocab,主張,しゅちょう,claim,筆者はこの主張について、具体的な例を挙げて説明している。,The author explains this claim by giving concrete examples.,What is the closest meaning of 「主張」?,improvement,claim,fall,criteria for judgment,1
n2-opinion-judgment,vocab,根拠,こんきょ,evidence,筆者はこの根拠について、具体的な例を挙げて説明している。,The author explains this evidence by giving concrete examples.,What is the closest meaning of 「根拠」?,hypothesis,deadline,proof,evidence,3
n2-opinion-judgment,vocab,評価,ひょうか,evaluation,筆者はこの評価について、具体的な例を挙げて説明している。,The author explains this evaluation by giving concrete examples.,What is the closest meaning of 「評価」?,evaluation,cancellation,maturity,trend,0
n2-opinion-judgment,vocab,疑問,ぎもん,doubt,筆者はこの疑問について、具体的な例を挙げて説明している。,The author explains this doubt by giving concrete examples.,What is the closest meaning of 「疑問」?,judgment,doubt,disagreement,inevitability,1
n2-opinion-judgment,vocab,見解,けんかい,view,筆者はこの見解について、具体的な例を挙げて説明している。,The author explains this view by giving concrete examples.,What is the closest meaning of 「見解」?,view,exclusion,items to confirm,restriction,0
n2-opinion-judgment,vocab,観点,かんてん,viewpoint,筆者はこの観点について、具体的な例を挙げて説明している。,The author explains this viewpoint by giving concrete examples.,What is the closest meaning of 「観点」?,viewpoint,growth,certificate,conflict,0
n2-opinion-judgment,vocab,分析,ぶんせき,analysis,筆者はこの分析について、具体的な例を挙げて説明している。,The author explains this analysis by giving concrete examples.,What is the closest meaning of 「分析」?,conversion,analysis,aging of society,friction,1
n2-opinion-judgment,vocab,批判,ひはん,criticism,筆者はこの批判について、具体的な例を挙げて説明している。,The author explains this criticism by giving concrete examples.,What is the closest meaning of 「批判」?,viewpoint,effect,side effect,criticism,3
n2-opinion-judgment,vocab,賛否,さんぴ,pros and cons,筆者はこの賛否について、具体的な例を挙げて説明している。,The author explains this pros and cons by giving concrete examples.,What is the closest meaning of 「賛否」?,importance,pros and cons,reasonable,separation,1
n2-opinion-judgment,vocab,妥当,だとう,reasonable,筆者はこの妥当について、具体的な例を挙げて説明している。,The author explains this reasonable by giving concrete examples.,What is the closest meaning of 「妥当」?,reasonable,items to confirm,notification,necessity,0
n2-opinion-judgment,vocab,適切,てきせつ,appropriate,筆者はこの適切について、具体的な例を挙げて説明している。,The author explains this appropriate by giving concrete examples.,What is the closest meaning of 「適切」?,abolition,internationalization,on the other hand,appropriate,3
n2-opinion-judgment,vocab,不適切,ふてきせつ,inappropriate,筆者はこの不適切について、具体的な例を挙げて説明している。,The author explains this inappropriate by giving concrete examples.,What is the closest meaning of 「不適切」?,inappropriate,technological,implementation,premise,0
n2-opinion-judgment,vocab,客観的,きゃっかんてき,objective,筆者はこの客観的について、具体的な例を挙げて説明している。,The author explains this objective by giving concrete examples.,What is the closest meaning of 「客観的」?,objective,rational,occurrence,evidence,0
n2-opinion-judgment,vocab,主観的,しゅかんてき,subjective,筆者はこの主観的について、具体的な例を挙げて説明している。,The author explains this subjective by giving concrete examples.,What is the closest meaning of 「主観的」?,special exception,room or possibility,subjective,guess,2
n2-opinion-judgment,vocab,論理,ろんり,logic,筆者はこの論理について、具体的な例を挙げて説明している。,The author explains this logic by giving concrete examples.,What is the closest meaning of 「論理」?,urbanization,importance,progress,logic,3
n2-opinion-judgment,vocab,議論,ぎろん,discussion,筆者はこの議論について、具体的な例を挙げて説明している。,The author explains this discussion by giving concrete examples.,What is the closest meaning of 「議論」?,discussion,indirect,trend,worsening,0
n2-opinion-judgment,vocab,結論,けつろん,conclusion,筆者はこの結論について、具体的な例を挙げて説明している。,The author explains this conclusion by giving concrete examples.,What is the closest meaning of 「結論」?,conclusion,reliability,cancellation,fall,0
n2-opinion-judgment,vocab,前提,ぜんてい,premise,筆者はこの前提について、具体的な例を挙げて説明している。,The author explains this premise by giving concrete examples.,What is the closest meaning of 「前提」?,premise,contrast,improvement,diversification,0
n2-opinion-judgment,vocab,仮説,かせつ,hypothesis,筆者はこの仮説について、具体的な例を挙げて説明している。,The author explains this hypothesis by giving concrete examples.,What is the closest meaning of 「仮説」?,hypothesis,reduction,decrease,instability,0
n2-opinion-judgment,vocab,検証,けんしょう,verification,筆者はこの検証について、具体的な例を挙げて説明している。,The author explains this verification by giving concrete examples.,What is the closest meaning of 「検証」?,necessity,fluctuation,enforcement,verification,3
n2-opinion-judgment,vocab,証拠,しょうこ,proof,筆者はこの証拠について、具体的な例を挙げて説明している。,The author explains this proof by giving concrete examples.,What is the closest meaning of 「証拠」?,worsening,proof,administrator,personal,1
n2-opinion-judgment,vocab,推測,すいそく,guess,筆者はこの推測について、具体的な例を挙げて説明している。,The author explains this guess by giving concrete examples.,What is the closest meaning of 「推測」?,activation,guess,premise,analysis,1
n2-opinion-judgment,vocab,認識,にんしき,recognition,筆者はこの認識について、具体的な例を挙げて説明している。,The author explains this recognition by giving concrete examples.,What is the closest meaning of 「認識」?,pros and cons,comprehensive,decrease,recognition,3
n2-opinion-judgment,vocab,理解,りかい,understanding,筆者はこの理解について、具体的な例を挙げて説明している。,The author explains this understanding by giving concrete examples.,What is the closest meaning of 「理解」?,substitution,development,understanding,motive,2
n2-opinion-judgment,vocab,解釈,かいしゃく,interpretation,筆者はこの解釈について、具体的な例を挙げて説明している。,The author explains this interpretation by giving concrete examples.,What is the closest meaning of 「解釈」?,interpretation,penetration,shift,relation,0
n2-opinion-judgment,vocab,説得,せっとく,persuasion,筆者はこの説得について、具体的な例を挙げて説明している。,The author explains this persuasion by giving concrete examples.,What is the closest meaning of 「説得」?,resumption,persuasion,efficiency improvement,verification,1
n2-opinion-judgment,vocab,反論,はんろん,counterargument,筆者はこの反論について、具体的な例を挙げて説明している。,The author explains this counterargument by giving concrete examples.,What is the closest meaning of 「反論」?,advancement,reception number,counterargument,special exception,2
n2-opinion-judgment,vocab,課題,かだい,issue,筆者はこの課題について、具体的な例を挙げて説明している。,The author explains this issue by giving concrete examples.,What is the closest meaning of 「課題」?,issue,evidence,identity verification,renewal,0
n2-opinion-judgment,vocab,論点,ろんてん,point of argument,筆者はこの論点について、具体的な例を挙げて説明している。,The author explains this point of argument by giving concrete examples.,What is the closest meaning of 「論点」?,transition,point of argument,viewpoint,comprehensive,1
n2-opinion-judgment,vocab,立場,たちば,standpoint,筆者はこの立場について、具体的な例を挙げて説明している。,The author explains this standpoint by giving concrete examples.,What is the closest meaning of 「立場」?,appropriate,supply,outside the scope,standpoint,3
n2-opinion-judgment,vocab,価値観,かちかん,values,筆者はこの価値観について、具体的な例を挙げて説明している。,The author explains this values by giving concrete examples.,What is the closest meaning of 「価値観」?,pros and cons,deadline,root,values,3
n2-opinion-judgment,vocab,重要性,じゅうようせい,importance,筆者はこの重要性について、具体的な例を挙げて説明している。,The author explains this importance by giving concrete examples.,What is the closest meaning of 「重要性」?,importance,progress,growth,inquiry,0
n2-opinion-judgment,vocab,必要性,ひつようせい,necessity,筆者はこの必要性について、具体的な例を挙げて説明している。,The author explains this necessity by giving concrete examples.,What is the closest meaning of 「必要性」?,necessity,distance or gap,automation,confusion,0
n2-opinion-judgment,vocab,可能性,かのうせい,possibility,筆者はこの可能性について、具体的な例を挙げて説明している。,The author explains this possibility by giving concrete examples.,What is the closest meaning of 「可能性」?,possibility,part,individual,fluctuation,0
n2-opinion-judgment,vocab,限界,げんかい,limit,筆者はこの限界について、具体的な例を挙げて説明している。,The author explains this limit by giving concrete examples.,What is the closest meaning of 「限界」?,social,transition,limit,interpretation,2
n2-opinion-judgment,vocab,影響力,えいきょうりょく,influence,筆者はこの影響力について、具体的な例を挙げて説明している。,The author explains this influence by giving concrete examples.,What is the closest meaning of 「影響力」?,our company,tendency,influence,short-term,2
n2-opinion-judgment,vocab,信頼性,しんらいせい,reliability,筆者はこの信頼性について、具体的な例を挙げて説明している。,The author explains this reliability by giving concrete examples.,What is the closest meaning of 「信頼性」?,overall,fluctuation,reform,reliability,3
n2-opinion-judgment,vocab,有効性,ゆうこうせい,effectiveness,筆者はこの有効性について、具体的な例を挙げて説明している。,The author explains this effectiveness by giving concrete examples.,What is the closest meaning of 「有効性」?,damage,registration,effectiveness,decline,2
n2-opinion-judgment,vocab,正確性,せいかくせい,accuracy,筆者はこの正確性について、具体的な例を挙げて説明している。,The author explains this accuracy by giving concrete examples.,What is the closest meaning of 「正確性」?,long-term,accuracy,advance reservation,conclusion,1
n2-opinion-judgment,vocab,公平,こうへい,fairness,筆者はこの公平について、具体的な例を挙げて説明している。,The author explains this fairness by giving concrete examples.,What is the closest meaning of 「公平」?,fairness,evidence,stagnation,integration,0
n2-opinion-judgment,vocab,公正,こうせい,impartiality,筆者はこの公正について、具体的な例を挙げて説明している。,The author explains this impartiality by giving concrete examples.,What is the closest meaning of 「公正」?,internationalization,activation,impartiality,separation,2
n2-opinion-judgment,vocab,合理的,ごうりてき,rational,筆者はこの合理的について、具体的な例を挙げて説明している。,The author explains this rational by giving concrete examples.,What is the closest meaning of 「合理的」?,accuracy,root,rational,target,2
n2-opinion-judgment,vocab,総合的,そうごうてき,comprehensive,筆者はこの総合的について、具体的な例を挙げて説明している。,The author explains this comprehensive by giving concrete examples.,What is the closest meaning of 「総合的」?,formal,comprehensive,same-day reception,on the other side,1
n2-opinion-judgment,vocab,専門的,せんもんてき,specialized,筆者はこの専門的について、具体的な例を挙げて説明している。,The author explains this specialized by giving concrete examples.,What is the closest meaning of 「専門的」?,effect,diversification,specialized,formal,2
n2-opinion-judgment,vocab,一般的,いっぱんてき,general,筆者はこの一般的について、具体的な例を挙げて説明している。,The author explains this general by giving concrete examples.,What is the closest meaning of 「一般的」?,general,related parties,indirect,substitution,0
n2-opinion-judgment,vocab,個人的,こじんてき,personal,筆者はこの個人的について、具体的な例を挙げて説明している。,The author explains this personal by giving concrete examples.,What is the closest meaning of 「個人的」?,conclusion,room or possibility,personal,growth,2
n2-opinion-judgment,vocab,社会的,しゃかいてき,social,筆者はこの社会的について、具体的な例を挙げて説明している。,The author explains this social by giving concrete examples.,What is the closest meaning of 「社会的」?,social,interpretation,demand,restriction,0
n2-opinion-judgment,vocab,倫理,りんり,ethics,筆者はこの倫理について、具体的な例を挙げて説明している。,The author explains this ethics by giving concrete examples.,What is the closest meaning of 「倫理」?,ethics,agreement,valuable,difference,0
n2-opinion-judgment,vocab,判断基準,はんだんきじゅん,criteria for judgment,筆者はこの判断基準について、具体的な例を挙げて説明している。,The author explains this criteria for judgment by giving concrete examples.,What is the closest meaning of 「判断基準」?,criteria for judgment,viewpoint,limit,criticism,0
n2-opinion-judgment,grammar,に違いない,,must be or no doubt,これだけ努力したのだから、合格するに違いない。,Because she worked this hard she must pass.,Choose the grammar pattern that best fits this sentence meaning: Because she worked this hard she must pass.,に違いない,に基づき,につれて,あげく,0
n2-opinion-judgment,grammar,に違いない,,must be or no doubt,このデータを見る限り、需要は高いに違いない。,As far as this data shows demand must be high.,Choose the grammar pattern that best fits this sentence meaning: As far as this data shows demand must be high.,に基づき,に違いない,ば...ほど,ものとする,1
n2-opinion-judgment,grammar,に違いない,,must be or no doubt,彼の表情からすると、何か問題があったに違いない。,Judging from his expression there must have been some problem.,Choose the grammar pattern that best fits this sentence meaning: Judging from his expression there must have been some problem.,に比例して,に違いない,にほかならない,あげく,1
n2-opinion-judgment,grammar,に違いない,,must be or no doubt,長年の経験がある彼なら、適切に判断できるに違いない。,With his many years of experience he must be able to judge appropriately.,Choose the grammar pattern that best fits this sentence meaning: With his many years of experience he must be able to judge appropriately.,に違いない,ていく,といえる,にすぎない,0
n2-opinion-judgment,grammar,に違いない,,must be or no doubt,これほど人が集まったのだから、関心が高いに違いない。,Since this many people gathered interest must be high.,Choose the grammar pattern that best fits this sentence meaning: Since this many people gathered interest must be high.,次第で,に違いない,につながる,てくる,1
n2-opinion-judgment,grammar,わけではない,,it does not mean that,高い商品が必ずしも良いわけではない。,Expensive products are not always good.,Choose the grammar pattern that best fits this sentence meaning: Expensive products are not always good.,次第,どころか,に基づき,わけではない,3
n2-opinion-judgment,grammar,わけではない,,it does not mean that,反対意見があるからといって、計画が無駄なわけではない。,Just because there are opposing opinions it does not mean the plan is useless.,Choose the grammar pattern that best fits this sentence meaning: Just because there are opposing opinions it does not mean the plan is useless.,つつある,につれて,わけではない,とはいえ,2
n2-opinion-judgment,grammar,わけではない,,it does not mean that,便利になったからといって、問題が消えたわけではない。,Even though it became convenient it does not mean the problem disappeared.,Choose the grammar pattern that best fits this sentence meaning: Even though it became convenient it does not mean the problem disappeared.,どころか,に際して,とは限らない,わけではない,3
n2-opinion-judgment,grammar,わけではない,,it does not mean that,知らなかったわけではないが、十分に理解していなかった。,It is not that I did not know but I had not understood enough.,Choose the grammar pattern that best fits this sentence meaning: It is not that I did not know but I had not understood enough.,わけではない,を除いて,に応じて,一方だ,0
n2-opinion-judgment,grammar,わけではない,,it does not mean that,批判があるからといって、価値がないわけではない。,Just because there is criticism it does not mean there is no value.,Choose the grammar pattern that best fits this sentence meaning: Just because there is criticism it does not mean there is no value.,一方で,において,わけではない,といえる,2
n2-opinion-judgment,grammar,ものだ,,it is natural that or generally,人は失敗から多くを学ぶものだ。,People generally learn a lot from failure.,Choose the grammar pattern that best fits this sentence meaning: People generally learn a lot from failure.,を除いて,ものだ,ばかりに,ていく,1
n2-opinion-judgment,grammar,ものだ,,it is natural that or generally,約束は守るものだ。,Promises are something people should keep.,Choose the grammar pattern that best fits this sentence meaning: Promises are something people should keep.,ものだ,にほかならない,以上,にあたり,0
n2-opinion-judgment,grammar,ものだ,,it is natural that or generally,社会は少しずつ変わっていくものだ。,Society naturally changes little by little.,Choose the grammar pattern that best fits this sentence meaning: Society naturally changes little by little.,てくる,どころか,ものだ,次第,2
n2-opinion-judgment,grammar,ものだ,,it is natural that or generally,子どもはさまざまな経験から成長するものだ。,Children generally grow through various experiences.,Choose the grammar pattern that best fits this sentence meaning: Children generally grow through various experiences.,べきだ,一方だ,ものだ,反面,2
n2-opinion-judgment,grammar,ものだ,,it is natural that or generally,本当に大切なことは時間がたっても残るものだ。,Truly important things tend to remain even as time passes.,Choose the grammar pattern that best fits this sentence meaning: Truly important things tend to remain even as time passes.,ばかりに,ものだ,一方で,に比例して,1
n2-opinion-judgment,grammar,べきだ,,should,安全を守るために規則は守るべきだ。,Rules should be followed in order to maintain safety.,Choose the grammar pattern that best fits this sentence meaning: Rules should be followed in order to maintain safety.,べきだ,こととする,に伴って,ばかりに,0
n2-opinion-judgment,grammar,べきだ,,should,重要な判断は十分な情報に基づくべきだ。,Important judgments should be based on sufficient information.,Choose the grammar pattern that best fits this sentence meaning: Important judgments should be based on sufficient information.,次第,につながる,に従って,べきだ,3
n2-opinion-judgment,grammar,べきだ,,should,企業は利用者の声をもっと聞くべきだ。,Companies should listen more to users' voices.,Choose the grammar pattern that best fits this sentence meaning: Companies should listen more to users' voices.,次第,あげく,べきだ,反面,2
n2-opinion-judgment,grammar,べきだ,,should,問題が起きた場合は早めに共有すべきだ。,When a problem occurs it should be shared early.,Choose the grammar pattern that best fits this sentence meaning: When a problem occurs it should be shared early.,べきだ,次第,ものとする,につき,0
n2-opinion-judgment,grammar,べきだ,,should,教育では結果だけでなく過程も評価すべきだ。,In education not only results but also the process should be evaluated.,Choose the grammar pattern that best fits this sentence meaning: In education not only results but also the process should be evaluated.,次第,べきだ,反面,ため,1
n2-opinion-judgment,grammar,にすぎない,,nothing more than or merely,これは一つの可能性にすぎない。,This is merely one possibility.,Choose the grammar pattern that best fits this sentence meaning: This is merely one possibility.,にすぎない,とはいえ,つつある,一方だ,0
n2-opinion-judgment,grammar,にすぎない,,nothing more than or merely,その数字は全体の一部を示すにすぎない。,That number merely shows part of the whole.,Choose the grammar pattern that best fits this sentence meaning: That number merely shows part of the whole.,に比例して,ことから,にすぎない,べきだ,2
n2-opinion-judgment,grammar,にすぎない,,nothing more than or merely,彼の発言は個人的な意見にすぎない。,His statement is nothing more than a personal opinion.,Choose the grammar pattern that best fits this sentence meaning: His statement is nothing more than a personal opinion.,こととする,次第で,にすぎない,に際して,2
n2-opinion-judgment,grammar,にすぎない,,nothing more than or merely,この調査は初期段階の分析にすぎない。,This survey is merely an early-stage analysis.,Choose the grammar pattern that best fits this sentence meaning: This survey is merely an early-stage analysis.,一方で,べきだ,につき,にすぎない,3
n2-opinion-judgment,grammar,にすぎない,,nothing more than or merely,成功は長い過程の一部にすぎない。,Success is nothing more than one part of a long process.,Choose the grammar pattern that best fits this sentence meaning: Success is nothing more than one part of a long process.,といえる,につれて,にすぎない,以上,2
n2-opinion-judgment,grammar,とは限らない,,not necessarily,有名な大学を出た人が必ずしも優秀だとは限らない。,People from famous universities are not necessarily excellent.,Choose the grammar pattern that best fits this sentence meaning: People from famous universities are not necessarily excellent.,に基づき,にほかならない,からこそ,とは限らない,3
n2-opinion-judgment,grammar,とは限らない,,not necessarily,安い商品が悪いとは限らない。,Cheap products are not necessarily bad.,Choose the grammar pattern that best fits this sentence meaning: Cheap products are not necessarily bad.,べきだ,とは限らない,こととする,次第で,1
n2-opinion-judgment,grammar,とは限らない,,not necessarily,多くの人が賛成しているから正しいとは限らない。,Just because many people agree it is not necessarily correct.,Choose the grammar pattern that best fits this sentence meaning: Just because many people agree it is not necessarily correct.,ものの,とは限らない,に伴って,に従って,1
n2-opinion-judgment,grammar,とは限らない,,not necessarily,経験が長い人ほど新しい方法に詳しいとは限らない。,People with longer experience are not necessarily more familiar with new methods.,Choose the grammar pattern that best fits this sentence meaning: People with longer experience are not necessarily more familiar with new methods.,に比例して,とは限らない,反面,つつある,1
n2-opinion-judgment,grammar,とは限らない,,not necessarily,便利な技術がいつも社会を良くするとは限らない。,Convenient technology does not always improve society.,Choose the grammar pattern that best fits this sentence meaning: Convenient technology does not always improve society.,反面,ものだ,に伴って,とは限らない,3
n2-opinion-judgment,grammar,ざるを得ない,,cannot help but,証拠がある以上、事実だと認めざるを得ない。,Given the evidence we cannot help but recognize it as fact.,Choose the grammar pattern that best fits this sentence meaning: Given the evidence we cannot help but recognize it as fact.,ざるを得ない,にもかかわらず,に基づき,てくる,0
n2-opinion-judgment,grammar,ざるを得ない,,cannot help but,予算が不足しているため、計画を見直さざるを得ない。,Because the budget is insufficient we have no choice but to review the plan.,Choose the grammar pattern that best fits this sentence meaning: Because the budget is insufficient we have no choice but to review the plan.,ざるを得ない,一方で,ため,次第,0
n2-opinion-judgment,grammar,ざるを得ない,,cannot help but,強い批判を受け、方針を変更せざるを得なかった。,After receiving strong criticism they had no choice but to change policy.,Choose the grammar pattern that best fits this sentence meaning: After receiving strong criticism they had no choice but to change policy.,てくる,ざるを得ない,にすぎない,次第,1
n2-opinion-judgment,grammar,ざるを得ない,,cannot help but,人手が足りず、期限を延ばさざるを得ない。,Because staff are lacking we have no choice but to extend the deadline.,Choose the grammar pattern that best fits this sentence meaning: Because staff are lacking we have no choice but to extend the deadline.,こととする,ざるを得ない,を除いて,に関して,1
n2-opinion-judgment,grammar,ざるを得ない,,cannot help but,安全上の問題から、イベントを中止せざるを得ない。,Because of safety issues there is no choice but to cancel the event.,Choose the grammar pattern that best fits this sentence meaning: Because of safety issues there is no choice but to cancel the event.,ため,に際して,ざるを得ない,反面,2
n2-opinion-judgment,grammar,といえる,,can be said,この結果から、一定の効果があったといえる。,From this result it can be said that there was a certain effect.,Choose the grammar pattern that best fits this sentence meaning: From this result it can be said that there was a certain effect.,につき,といえる,こととする,一方だ,1
n2-opinion-judgment,grammar,といえる,,can be said,利用者が増えている点から、需要は高いといえる。,From the fact that users are increasing it can be said that demand is high.,Choose the grammar pattern that best fits this sentence meaning: From the fact that users are increasing it can be said that demand is high.,こととする,にすぎない,につき,といえる,3
n2-opinion-judgment,grammar,といえる,,can be said,彼の説明は具体的で分かりやすいといえる。,It can be said that his explanation is concrete and easy to understand.,Choose the grammar pattern that best fits this sentence meaning: It can be said that his explanation is concrete and easy to understand.,といえる,にもかかわらず,にすぎない,どころか,0
n2-opinion-judgment,grammar,といえる,,can be said,この制度はまだ発展途中だといえる。,It can be said that this system is still developing.,Choose the grammar pattern that best fits this sentence meaning: It can be said that this system is still developing.,につれて,にしても,に違いない,といえる,3
n2-opinion-judgment,grammar,といえる,,can be said,調査結果を見ると、意識は変化しているといえる。,Looking at the survey results it can be said that awareness is changing.,Choose the grammar pattern that best fits this sentence meaning: Looking at the survey results it can be said that awareness is changing.,に応じて,べきだ,といえる,以上,2
n2-opinion-judgment,grammar,にほかならない,,nothing other than,成功の理由は継続的な努力にほかならない。,The reason for success is nothing other than continuous effort.,Choose the grammar pattern that best fits this sentence meaning: The reason for success is nothing other than continuous effort.,にほかならない,一方だ,どころか,に応じて,0
n2-opinion-judgment,grammar,にほかならない,,nothing other than,この問題の根本は情報不足にほかならない。,The root of this problem is nothing other than lack of information.,Choose the grammar pattern that best fits this sentence meaning: The root of this problem is nothing other than lack of information.,に限らず,ものとする,につれて,にほかならない,3
n2-opinion-judgment,grammar,にほかならない,,nothing other than,信頼を失った原因は説明不足にほかならない。,The cause of lost trust is nothing other than insufficient explanation.,Choose the grammar pattern that best fits this sentence meaning: The cause of lost trust is nothing other than insufficient explanation.,ものだ,にしても,にほかならない,につき,2
n2-opinion-judgment,grammar,にほかならない,,nothing other than,社会を支えるのは一人ひとりの行動にほかならない。,What supports society is nothing other than each person's actions.,Choose the grammar pattern that best fits this sentence meaning: What supports society is nothing other than each person's actions.,において,に伴って,につながる,にほかならない,3
n2-opinion-judgment,grammar,にほかならない,,nothing other than,教育の目的は人の可能性を広げることにほかならない。,The purpose of education is nothing other than expanding human potential.,Choose the grammar pattern that best fits this sentence meaning: The purpose of education is nothing other than expanding human potential.,にほかならない,て以来,一方だ,とは限らない,0
n2-opinion-judgment,grammar,からすると,,judging from,専門家の意見からすると、この方法は妥当だ。,Judging from the expert's opinion this method is reasonable.,Choose the grammar pattern that best fits this sentence meaning: Judging from the expert's opinion this method is reasonable.,に伴って,に関して,にあたり,からすると,3
n2-opinion-judgment,grammar,からすると,,judging from,売上の推移からすると、需要は回復している。,Judging from the sales trend demand is recovering.,Choose the grammar pattern that best fits this sentence meaning: Judging from the sales trend demand is recovering.,からすると,どころか,によって,つつある,0
n2-opinion-judgment,grammar,からすると,,judging from,彼の態度からすると、納得していないようだ。,Judging from his attitude he seems unconvinced.,Choose the grammar pattern that best fits this sentence meaning: Judging from his attitude he seems unconvinced.,からすると,ざるを得ない,に際して,とは限らない,0
n2-opinion-judgment,grammar,からすると,,judging from,この結果からすると、仮説は正しい可能性がある。,Judging from this result the hypothesis may be correct.,Choose the grammar pattern that best fits this sentence meaning: Judging from this result the hypothesis may be correct.,ていく,ものだ,からすると,以上,2
n2-opinion-judgment,grammar,からすると,,judging from,利用者の反応からすると、改善の余地がある。,Judging from user reactions there is room for improvement.,Choose the grammar pattern that best fits this sentence meaning: Judging from user reactions there is room for improvement.,からすると,に限らず,てくる,といえる,0
n2-contrast-exception,vocab,例外,れいがい,exception,この制度には例外があるため、内容を慎重に確認する必要がある。,"Because this system has exception, it is necessary to check the details carefully.",What is the closest meaning of 「例外」?,exception,opposition,on the other hand,fairness,0
n2-contrast-exception,vocab,一方,いっぽう,on the other hand,この制度には一方があるため、内容を慎重に確認する必要がある。,"Because this system has on the other hand, it is necessary to check the details carefully.",What is the closest meaning of 「一方」?,profit,on the other hand,judgment,exceptional,1
n2-contrast-exception,vocab,反対,はんたい,opposition,この制度には反対があるため、内容を慎重に確認する必要がある。,"Because this system has opposition, it is necessary to check the details carefully.",What is the closest meaning of 「反対」?,principle,implementation,power of attorney,opposition,3
n2-contrast-exception,vocab,制限,せいげん,restriction,この制度には制限があるため、内容を慎重に確認する必要がある。,"Because this system has restriction, it is necessary to check the details carefully.",What is the closest meaning of 「制限」?,restriction,importance,opposition,conflict,0
n2-contrast-exception,vocab,相違,そうい,difference,この制度には相違があるため、内容を慎重に確認する必要がある。,"Because this system has difference, it is necessary to check the details carefully.",What is the closest meaning of 「相違」?,relation,valuable,difference,specialized,2
n2-contrast-exception,vocab,対照,たいしょう,contrast,この制度には対照があるため、内容を慎重に確認する必要がある。,"Because this system has contrast, it is necessary to check the details carefully.",What is the closest meaning of 「対照」?,contrast,terms,aging of society,fall,0
n2-contrast-exception,vocab,比較,ひかく,comparison,この制度には比較があるため、内容を慎重に確認する必要がある。,"Because this system has comparison, it is necessary to check the details carefully.",What is the closest meaning of 「比較」?,internationalization,social,comparison,fall,2
n2-contrast-exception,vocab,矛盾,むじゅん,contradiction,この制度には矛盾があるため、内容を慎重に確認する必要がある。,"Because this system has contradiction, it is necessary to check the details carefully.",What is the closest meaning of 「矛盾」?,contradiction,damage,exclusion,premise,0
n2-contrast-exception,vocab,逆説,ぎゃくせつ,paradox,この制度には逆説があるため、内容を慎重に確認する必要がある。,"Because this system has paradox, it is necessary to check the details carefully.",What is the closest meaning of 「逆説」?,economic,technological,cause,paradox,3
n2-contrast-exception,vocab,例外的,れいがいてき,exceptional,この制度には例外的があるため、内容を慎重に確認する必要がある。,"Because this system has exceptional, it is necessary to check the details carefully.",What is the closest meaning of 「例外的」?,cancellation,exceptional,agreement,profit,1
n2-contrast-exception,vocab,除外,じょがい,exclusion,この制度には除外があるため、内容を慎重に確認する必要がある。,"Because this system has exclusion, it is necessary to check the details carefully.",What is the closest meaning of 「除外」?,recovery,terms,exclusion,discussion,2
n2-contrast-exception,vocab,特例,とくれい,special exception,この制度には特例があるため、内容を慎重に確認する必要がある。,"Because this system has special exception, it is necessary to check the details carefully.",What is the closest meaning of 「特例」?,factor,special exception,aging of society,worsening,1
n2-contrast-exception,vocab,差異,さい,difference,この制度には差異があるため、内容を慎重に確認する必要がある。,"Because this system has difference, it is necessary to check the details carefully.",What is the closest meaning of 「差異」?,deceleration,difference,substitution,request,1
n2-contrast-exception,vocab,対立,たいりつ,conflict,この制度には対立があるため、内容を慎重に確認する必要がある。,"Because this system has conflict, it is necessary to check the details carefully.",What is the closest meaning of 「対立」?,conflict,short-term,progress,respect,0
n2-contrast-exception,vocab,摩擦,まさつ,friction,この制度には摩擦があるため、内容を慎重に確認する必要がある。,"Because this system has friction, it is necessary to check the details carefully.",What is the closest meaning of 「摩擦」?,worsening,aging of society,friction,user,2
n2-contrast-exception,vocab,妥協,だきょう,compromise,この制度には妥協があるため、内容を慎重に確認する必要がある。,"Because this system has compromise, it is necessary to check the details carefully.",What is the closest meaning of 「妥協」?,appropriate,compromise,standpoint,supply,1
n2-contrast-exception,vocab,折衷,せっちゅう,compromise approach,この制度には折衷があるため、内容を慎重に確認する必要がある。,"Because this system has compromise approach, it is necessary to check the details carefully.",What is the closest meaning of 「折衷」?,power of attorney,judgment,countermeasure,compromise approach,3
n2-contrast-exception,vocab,調整,ちょうせい,adjustment,この制度には調整があるため、内容を慎重に確認する必要がある。,"Because this system has adjustment, it is necessary to check the details carefully.",What is the closest meaning of 「調整」?,increase,your company,adjustment,registration,2
n2-contrast-exception,vocab,一致,いっち,agreement,この制度には一致があるため、内容を慎重に確認する必要がある。,"Because this system has agreement, it is necessary to check the details carefully.",What is the closest meaning of 「一致」?,agreement,accuracy,personal,example,0
n2-contrast-exception,vocab,不一致,ふいっち,disagreement,この制度には不一致があるため、内容を慎重に確認する必要がある。,"Because this system has disagreement, it is necessary to check the details carefully.",What is the closest meaning of 「不一致」?,disagreement,cause,hypothesis,trigger,0
n2-contrast-exception,vocab,共通点,きょうつうてん,common point,この制度には共通点があるため、内容を慎重に確認する必要がある。,"Because this system has common point, it is necessary to check the details carefully.",What is the closest meaning of 「共通点」?,trend,common point,importance,criteria for judgment,1
n2-contrast-exception,vocab,相反,そうはん,opposition,この制度には相反があるため、内容を慎重に確認する必要がある。,"Because this system has opposition, it is necessary to check the details carefully.",What is the closest meaning of 「相反」?,respect,factor,decrease,opposition,3
n2-contrast-exception,vocab,逆転,ぎゃくてん,reversal,この制度には逆転があるため、内容を慎重に確認する必要がある。,"Because this system has reversal, it is necessary to check the details carefully.",What is the closest meaning of 「逆転」?,inappropriate,short-term,claim,reversal,3
n2-contrast-exception,vocab,転換,てんかん,conversion,この制度には転換があるため、内容を慎重に確認する必要がある。,"Because this system has conversion, it is necessary to check the details carefully.",What is the closest meaning of 「転換」?,criteria for judgment,digitalization,contract,conversion,3
n2-contrast-exception,vocab,代替,だいたい,substitution,この制度には代替があるため、内容を慎重に確認する必要がある。,"Because this system has substitution, it is necessary to check the details carefully.",What is the closest meaning of 「代替」?,background,paradox,structural,substitution,3
n2-contrast-exception,vocab,補足,ほそく,supplement,この制度には補足があるため、内容を慎重に確認する必要がある。,"Because this system has supplement, it is necessary to check the details carefully.",What is the closest meaning of 「補足」?,aging of society,public release,supplement,progress,2
n2-contrast-exception,vocab,余地,よち,room or possibility,この制度には余地があるため、内容を慎重に確認する必要がある。,"Because this system has room or possibility, it is necessary to check the details carefully.",What is the closest meaning of 「余地」?,damage,ethics,room or possibility,criteria for judgment,2
n2-contrast-exception,vocab,範囲,はんい,range,この制度には範囲があるため、内容を慎重に確認する必要がある。,"Because this system has range, it is necessary to check the details carefully.",What is the closest meaning of 「範囲」?,range,necessity,tendency,inquiry,0
n2-contrast-exception,vocab,対象外,たいしょうがい,outside the scope,この制度には対象外があるため、内容を慎重に確認する必要がある。,"Because this system has outside the scope, it is necessary to check the details carefully.",What is the closest meaning of 「対象外」?,persuasion,rational,fluctuation,outside the scope,3
n2-contrast-exception,vocab,限定,げんてい,limitation,この制度には限定があるため、内容を慎重に確認する必要がある。,"Because this system has limitation, it is necessary to check the details carefully.",What is the closest meaning of 「限定」?,limitation,resumption,increase,our company,0
n2-contrast-exception,vocab,条件付き,じょうけんつき,conditional,この制度には条件付きがあるため、内容を慎重に確認する必要がある。,"Because this system has conditional, it is necessary to check the details carefully.",What is the closest meaning of 「条件付き」?,on the other hand,conflict,continuation,conditional,3
n2-contrast-exception,vocab,一部,いちぶ,part,この制度には一部があるため、内容を慎重に確認する必要がある。,"Because this system has part, it is necessary to check the details carefully.",What is the closest meaning of 「一部」?,part,application,accuracy,trend,0
n2-contrast-exception,vocab,全般,ぜんぱん,overall,この制度には全般があるため、内容を慎重に確認する必要がある。,"Because this system has overall, it is necessary to check the details carefully.",What is the closest meaning of 「全般」?,decline,deceleration,overall,ethics,2
n2-contrast-exception,vocab,原則,げんそく,principle,この制度には原則があるため、内容を慎重に確認する必要がある。,"Because this system has principle, it is necessary to check the details carefully.",What is the closest meaning of 「原則」?,principle,difference in response,maturity,promotion,0
n2-contrast-exception,vocab,個別,こべつ,individual,この制度には個別があるため、内容を慎重に確認する必要がある。,"Because this system has individual, it is necessary to check the details carefully.",What is the closest meaning of 「個別」?,consent,individual,effectiveness,example,1
n2-contrast-exception,vocab,例示,れいじ,example,この制度には例示があるため、内容を慎重に確認する必要がある。,"Because this system has example, it is necessary to check the details carefully.",What is the closest meaning of 「例示」?,fluctuation,example,subjective,circumstances,1
n2-contrast-exception,vocab,譲歩,じょうほ,concession,この制度には譲歩があるため、内容を慎重に確認する必要がある。,"Because this system has concession, it is necessary to check the details carefully.",What is the closest meaning of 「譲歩」?,exemption,substitution,concession,burden,2
n2-contrast-exception,vocab,反面,はんめん,on the other side,この制度には反面があるため、内容を慎重に確認する必要がある。,"Because this system has on the other side, it is necessary to check the details carefully.",What is the closest meaning of 「反面」?,respect,special exception,judgment,on the other side,3
n2-contrast-exception,vocab,例外規定,れいがいきてい,exception rule,この制度には例外規定があるため、内容を慎重に確認する必要がある。,"Because this system has exception rule, it is necessary to check the details carefully.",What is the closest meaning of 「例外規定」?,reliability,exception rule,inducing factor,side effect,1
n2-contrast-exception,vocab,取消,とりけし,cancellation,この制度には取消があるため、内容を慎重に確認する必要がある。,"Because this system has cancellation, it is necessary to check the details carefully.",What is the closest meaning of 「取消」?,trend,deceleration,agreement,cancellation,3
n2-contrast-exception,vocab,免除,めんじょ,exemption,この制度には免除があるため、内容を慎重に確認する必要がある。,"Because this system has exemption, it is necessary to check the details carefully.",What is the closest meaning of 「免除」?,advance reservation,promotion,exemption,cause,2
n2-contrast-exception,vocab,保留,ほりゅう,pending status,この制度には保留があるため、内容を慎重に確認する必要がある。,"Because this system has pending status, it is necessary to check the details carefully.",What is the closest meaning of 「保留」?,increase,user,criticism,pending status,3
n2-contrast-exception,vocab,対応差,たいおうさ,difference in response,この制度には対応差があるため、内容を慎重に確認する必要がある。,"Because this system has difference in response, it is necessary to check the details carefully.",What is the closest meaning of 「対応差」?,related parties,items to confirm,promotion,difference in response,3
n2-contrast-exception,vocab,温度差,おんどさ,gap in attitude,この制度には温度差があるため、内容を慎重に確認する必要がある。,"Because this system has gap in attitude, it is necessary to check the details carefully.",What is the closest meaning of 「温度差」?,gap in attitude,transition,trend,decline,0
n2-contrast-exception,vocab,違和感,いわかん,sense of discomfort,この制度には違和感があるため、内容を慎重に確認する必要がある。,"Because this system has sense of discomfort, it is necessary to check the details carefully.",What is the closest meaning of 「違和感」?,digitalization,countermeasure,sense of discomfort,improvement,2
n2-contrast-exception,vocab,ずれ,ずれ,gap or shift,この制度にはずれがあるため、内容を慎重に確認する必要がある。,"Because this system has gap or shift, it is necessary to check the details carefully.",What is the closest meaning of 「ずれ」?,transition,guidance,rational,gap or shift,3
n2-contrast-exception,vocab,格差,かくさ,disparity,この制度には格差があるため、内容を慎重に確認する必要がある。,"Because this system has disparity, it is necessary to check the details carefully.",What is the closest meaning of 「格差」?,disparity,discussion,bias,limit,0
n2-contrast-exception,vocab,隔たり,へだたり,distance or gap,この制度には隔たりがあるため、内容を慎重に確認する必要がある。,"Because this system has distance or gap, it is necessary to check the details carefully.",What is the closest meaning of 「隔たり」?,as a result,opposition,distance or gap,gap in attitude,2
n2-contrast-exception,vocab,偏り,かたより,bias,この制度には偏りがあるため、内容を慎重に確認する必要がある。,"Because this system has bias, it is necessary to check the details carefully.",What is the closest meaning of 「偏り」?,bias,advancement,comparison,root,0
n2-contrast-exception,vocab,分離,ぶんり,separation,この制度には分離があるため、内容を慎重に確認する必要がある。,"Because this system has separation, it is necessary to check the details carefully.",What is the closest meaning of 「分離」?,increase,separation,impact,room or possibility,1
n2-contrast-exception,grammar,にもかかわらず,,despite,悪天候にもかかわらず、多くの人が集まった。,Despite the bad weather many people gathered.,Choose the grammar pattern that best fits this sentence meaning: Despite the bad weather many people gathered.,につき,どころか,一方だ,にもかかわらず,3
n2-contrast-exception,grammar,にもかかわらず,,despite,努力したにもかかわらず、結果は出なかった。,Despite making an effort results did not appear.,Choose the grammar pattern that best fits this sentence meaning: Despite making an effort results did not appear.,にもかかわらず,にしても,以上,ものだ,0
n2-contrast-exception,grammar,にもかかわらず,,despite,価格が高いにもかかわらず、この商品はよく売れている。,Despite the high price this product sells well.,Choose the grammar pattern that best fits this sentence meaning: Despite the high price this product sells well.,にもかかわらず,に限らず,に違いない,ものだ,0
n2-contrast-exception,grammar,にもかかわらず,,despite,注意を受けたにもかかわらず、同じミスを繰り返した。,Despite receiving a warning he repeated the same mistake.,Choose the grammar pattern that best fits this sentence meaning: Despite receiving a warning he repeated the same mistake.,にもかかわらず,つつある,に際して,ごとに,0
n2-contrast-exception,grammar,にもかかわらず,,despite,時間が限られていたにもかかわらず、発表は充実していた。,Despite limited time the presentation was substantial.,Choose the grammar pattern that best fits this sentence meaning: Despite limited time the presentation was substantial.,以上,に比例して,にもかかわらず,からこそ,2
n2-contrast-exception,grammar,とはいえ,,although or having said that,便利になったとはいえ、問題が完全に解決したわけではない。,Although it became convenient it does not mean the problem was completely solved.,Choose the grammar pattern that best fits this sentence meaning: Although it became convenient it does not mean the problem was completely solved.,とはいえ,といえる,ものとする,につき,0
n2-contrast-exception,grammar,とはいえ,,although or having said that,経験があるとはいえ、新しい環境には不安もある。,Although I have experience there is also anxiety in a new environment.,Choose the grammar pattern that best fits this sentence meaning: Although I have experience there is also anxiety in a new environment.,とはいえ,どころか,につき,以上,0
n2-contrast-exception,grammar,とはいえ,,although or having said that,費用は安いとはいえ、品質を確認する必要がある。,Although the cost is low it is necessary to check quality.,Choose the grammar pattern that best fits this sentence meaning: Although the cost is low it is necessary to check quality.,にしても,に従って,とはいえ,こととする,2
n2-contrast-exception,grammar,とはいえ,,although or having said that,理解が進んだとはいえ、まだ課題は残っている。,Although understanding has progressed issues still remain.,Choose the grammar pattern that best fits this sentence meaning: Although understanding has progressed issues still remain.,べきだ,とはいえ,一方だ,ものだ,1
n2-contrast-exception,grammar,とはいえ,,although or having said that,オンライン化したとはいえ、対面での支援も重要だ。,Although it has moved online in-person support is also important.,Choose the grammar pattern that best fits this sentence meaning: Although it has moved online in-person support is also important.,を除いて,こととする,とはいえ,につれて,2
n2-contrast-exception,grammar,ものの,,although,新しい制度は導入されたものの、十分に活用されていない。,Although the new system was introduced it is not fully used.,Choose the grammar pattern that best fits this sentence meaning: Although the new system was introduced it is not fully used.,からこそ,ばかりに,ものの,反面,2
n2-contrast-exception,grammar,ものの,,although,計画は承認されたものの、実施時期は未定だ。,Although the plan was approved the implementation date is undecided.,Choose the grammar pattern that best fits this sentence meaning: Although the plan was approved the implementation date is undecided.,によって,からこそ,ざるを得ない,ものの,3
n2-contrast-exception,grammar,ものの,,although,説明は受けたものの、まだ理解できない部分がある。,Although I received an explanation there are still parts I cannot understand.,Choose the grammar pattern that best fits this sentence meaning: Although I received an explanation there are still parts I cannot understand.,によって,次第で,にしても,ものの,3
n2-contrast-exception,grammar,ものの,,although,売上は増えたものの、利益は減少した。,Although sales increased profit decreased.,Choose the grammar pattern that best fits this sentence meaning: Although sales increased profit decreased.,ものの,とはいえ,につれて,べきだ,0
n2-contrast-exception,grammar,ものの,,although,調査は終わったものの、分析には時間がかかる。,Although the survey ended analysis will take time.,Choose the grammar pattern that best fits this sentence meaning: Although the survey ended analysis will take time.,ものの,わけではない,一方だ,に違いない,0
n2-contrast-exception,grammar,どころか,,far from,売上は増えるどころか、昨年より減少した。,Far from increasing sales decreased compared with last year.,Choose the grammar pattern that best fits this sentence meaning: Far from increasing sales decreased compared with last year.,ものとする,あげく,どころか,にすぎない,2
n2-contrast-exception,grammar,どころか,,far from,休むどころか、さらに忙しくなった。,Far from resting I became even busier.,Choose the grammar pattern that best fits this sentence meaning: Far from resting I became even busier.,どころか,ざるを得ない,とはいえ,に関して,0
n2-contrast-exception,grammar,どころか,,far from,彼は謝るどころか、言い訳を始めた。,Far from apologizing he started making excuses.,Choose the grammar pattern that best fits this sentence meaning: Far from apologizing he started making excuses.,てくる,どころか,ばかりに,つつある,1
n2-contrast-exception,grammar,どころか,,far from,問題は解決するどころか、さらに複雑になった。,Far from being solved the problem became more complicated.,Choose the grammar pattern that best fits this sentence meaning: Far from being solved the problem became more complicated.,に際して,どころか,によって,一方で,1
n2-contrast-exception,grammar,どころか,,far from,節約になるどころか、かえって費用が増えた。,Far from saving money costs increased instead.,Choose the grammar pattern that best fits this sentence meaning: Far from saving money costs increased instead.,につながる,どころか,に反して,からこそ,1
n2-contrast-exception,grammar,を除いて,,except for,一部の地域を除いて、サービスは通常通り利用できる。,Except for some areas the service can be used as usual.,Choose the grammar pattern that best fits this sentence meaning: Except for some areas the service can be used as usual.,ごとに,て以来,を除いて,次第,2
n2-contrast-exception,grammar,を除いて,,except for,関係者を除いて、会場には入れない。,Except for related parties people cannot enter the venue.,Choose the grammar pattern that best fits this sentence meaning: Except for related parties people cannot enter the venue.,あげく,つつある,にしても,を除いて,3
n2-contrast-exception,grammar,を除いて,,except for,祝日を除いて、窓口は毎日開いている。,Except for holidays the counter is open every day.,Choose the grammar pattern that best fits this sentence meaning: Except for holidays the counter is open every day.,てくる,反面,ものだ,を除いて,3
n2-contrast-exception,grammar,を除いて,,except for,資料の一部を除いて、内容は公開されている。,Except for part of the materials the content is public.,Choose the grammar pattern that best fits this sentence meaning: Except for part of the materials the content is public.,を除いて,あげく,にほかならない,以上,0
n2-contrast-exception,grammar,を除いて,,except for,山田さんを除いて、全員が賛成した。,Except for Yamada everyone agreed.,Choose the grammar pattern that best fits this sentence meaning: Except for Yamada everyone agreed.,につき,に比例して,こととする,を除いて,3
n2-contrast-exception,grammar,反面,,on the other hand,この方法は便利な反面、費用が高い。,This method is convenient but on the other hand expensive.,Choose the grammar pattern that best fits this sentence meaning: This method is convenient but on the other hand expensive.,に関して,次第,反面,に限らず,2
n2-contrast-exception,grammar,反面,,on the other hand,都市生活は刺激が多い反面、ストレスも大きい。,City life has many stimuli but also much stress.,Choose the grammar pattern that best fits this sentence meaning: City life has many stimuli but also much stress.,反面,ごとに,に違いない,にあたり,0
n2-contrast-exception,grammar,反面,,on the other hand,オンライン授業は移動時間がない反面、集中しにくい。,Online classes have no travel time but are hard to concentrate on.,Choose the grammar pattern that best fits this sentence meaning: Online classes have no travel time but are hard to concentrate on.,反面,とはいえ,につながる,からすると,0
n2-contrast-exception,grammar,反面,,on the other hand,自動化は効率的な反面、初期費用がかかる。,Automation is efficient but requires initial costs.,Choose the grammar pattern that best fits this sentence meaning: Automation is efficient but requires initial costs.,こととする,にあたり,べきだ,反面,3
n2-contrast-exception,grammar,反面,,on the other hand,自由な働き方は魅力的な反面、自己管理が必要だ。,Flexible work styles are attractive but require self-management.,Choose the grammar pattern that best fits this sentence meaning: Flexible work styles are attractive but require self-management.,てくる,ばかりに,とは限らない,反面,3
n2-contrast-exception,grammar,一方で,,on the other hand,若者の利用は増える一方で、高齢者の利用は少ない。,Youth usage is increasing while elderly usage is low.,Choose the grammar pattern that best fits this sentence meaning: Youth usage is increasing while elderly usage is low.,一方で,次第で,に際して,次第,0
n2-contrast-exception,grammar,一方で,,on the other hand,都市部では人口が増える一方で、地方では減少している。,Population increases in cities while it decreases in rural areas.,Choose the grammar pattern that best fits this sentence meaning: Population increases in cities while it decreases in rural areas.,次第,に伴って,一方で,に基づき,2
n2-contrast-exception,grammar,一方で,,on the other hand,技術は進歩する一方で、新しいリスクも生まれる。,Technology progresses while new risks also arise.,Choose the grammar pattern that best fits this sentence meaning: Technology progresses while new risks also arise.,一方で,に応じて,によって,といえる,0
n2-contrast-exception,grammar,一方で,,on the other hand,収入は増えた一方で、支出も増えた。,Income increased while spending also increased.,Choose the grammar pattern that best fits this sentence meaning: Income increased while spending also increased.,に反して,一方で,ていく,あげく,1
n2-contrast-exception,grammar,一方で,,on the other hand,便利さを求める一方で、個人情報への不安も高まっている。,People seek convenience while anxiety about personal information is also rising.,Choose the grammar pattern that best fits this sentence meaning: People seek convenience while anxiety about personal information is also rising.,ものとする,にすぎない,一方で,どころか,2
n2-contrast-exception,grammar,に反して,,contrary to,予想に反して、参加者は少なかった。,Contrary to expectations participants were few.,Choose the grammar pattern that best fits this sentence meaning: Contrary to expectations participants were few.,にあたり,どころか,て以来,に反して,3
n2-contrast-exception,grammar,に反して,,contrary to,期待に反して、新製品の売上は伸びなかった。,Contrary to expectations sales of the new product did not grow.,Choose the grammar pattern that best fits this sentence meaning: Contrary to expectations sales of the new product did not grow.,につき,に反して,に従って,にしても,1
n2-contrast-exception,grammar,に反して,,contrary to,説明に反して、実際の手続きは複雑だった。,Contrary to the explanation the actual procedure was complicated.,Choose the grammar pattern that best fits this sentence meaning: Contrary to the explanation the actual procedure was complicated.,一方だ,反面,につながる,に反して,3
n2-contrast-exception,grammar,に反して,,contrary to,天気予報に反して、午後から晴れた。,Contrary to the weather forecast it became sunny in the afternoon.,Choose the grammar pattern that best fits this sentence meaning: Contrary to the weather forecast it became sunny in the afternoon.,に反して,に関して,に従って,に伴って,0
n2-contrast-exception,grammar,に反して,,contrary to,本人の希望に反して、異動が決まった。,Contrary to the person's wishes the transfer was decided.,Choose the grammar pattern that best fits this sentence meaning: Contrary to the person's wishes the transfer was decided.,ものの,に伴って,に反して,以上,2
n2-contrast-exception,grammar,にしても,,even if,忙しいにしても、連絡はするべきだ。,Even if you are busy you should contact them.,Choose the grammar pattern that best fits this sentence meaning: Even if you are busy you should contact them.,わけではない,に伴って,ものとする,にしても,3
n2-contrast-exception,grammar,にしても,,even if,失敗したにしても、その経験は無駄ではない。,Even if you failed that experience is not useless.,Choose the grammar pattern that best fits this sentence meaning: Even if you failed that experience is not useless.,ため,にしても,ものの,こととする,1
n2-contrast-exception,grammar,にしても,,even if,価格が安いにしても、品質は確認したい。,Even if the price is low I want to check quality.,Choose the grammar pattern that best fits this sentence meaning: Even if the price is low I want to check quality.,て以来,べきだ,一方で,にしても,3
n2-contrast-exception,grammar,にしても,,even if,反対意見があるにしても、議論は続ける必要がある。,Even if there are opposing opinions discussion must continue.,Choose the grammar pattern that best fits this sentence meaning: Even if there are opposing opinions discussion must continue.,に応じて,ものとする,にしても,に従って,2
n2-contrast-exception,grammar,にしても,,even if,時間が足りないにしても、最低限の準備は必要だ。,Even if there is not enough time minimum preparation is necessary.,Choose the grammar pattern that best fits this sentence meaning: Even if there is not enough time minimum preparation is necessary.,ていく,にほかならない,にしても,ことから,2
n2-contrast-exception,grammar,に限らず,,not limited to,若者に限らず、多くの世代がこのサービスを利用している。,Not limited to young people many generations use this service.,Choose the grammar pattern that best fits this sentence meaning: Not limited to young people many generations use this service.,に限らず,に関して,に基づき,にほかならない,0
n2-contrast-exception,grammar,に限らず,,not limited to,日本に限らず、海外でも同じ問題が起きている。,Not limited to Japan the same problem is occurring overseas.,Choose the grammar pattern that best fits this sentence meaning: Not limited to Japan the same problem is occurring overseas.,につながる,次第で,に限らず,にあたり,2
n2-contrast-exception,grammar,に限らず,,not limited to,大企業に限らず、中小企業にも影響がある。,Not limited to large companies small and medium companies are also affected.,Choose the grammar pattern that best fits this sentence meaning: Not limited to large companies small and medium companies are also affected.,につき,に関して,に限らず,とは限らない,2
n2-contrast-exception,grammar,に限らず,,not limited to,平日に限らず、週末も問い合わせが多い。,Not limited to weekdays there are many inquiries on weekends.,Choose the grammar pattern that best fits this sentence meaning: Not limited to weekdays there are many inquiries on weekends.,次第,ものだ,にもかかわらず,に限らず,3
n2-contrast-exception,grammar,に限らず,,not limited to,学生に限らず、社会人にも学び直しが必要だ。,Not limited to students working adults also need reskilling.,Choose the grammar pattern that best fits this sentence meaning: Not limited to students working adults also need reskilling.,に伴って,ていく,以上,に限らず,3
n2-formal-situations,vocab,承認,しょうにん,approval,承認に関する詳細は、公式サイトでご確認ください。,Please check the official website for details regarding approval.,What is the closest meaning of 「承認」?,public release,approval,conclusion,occurrence,1
n2-formal-situations,vocab,申請,しんせい,application,申請に関する詳細は、公式サイトでご確認ください。,Please check the official website for details regarding application.,What is the closest meaning of 「申請」?,application,response,influence,contract,0
n2-formal-situations,vocab,担当,たんとう,person in charge,担当に関する詳細は、公式サイトでご確認ください。,Please check the official website for details regarding person in charge.,What is the closest meaning of 「担当」?,person in charge,paradox,continuation,integration,0
n2-formal-situations,vocab,手続き,てつづき,procedure,手続きに関する詳細は、公式サイトでご確認ください。,Please check the official website for details regarding procedure.,What is the closest meaning of 「手続き」?,procedure,pending status,our company,circumstances,0
n2-formal-situations,vocab,期限,きげん,deadline,期限に関する詳細は、公式サイトでご確認ください。,Please check the official website for details regarding deadline.,What is the closest meaning of 「期限」?,reaction,on the other side,deadline,cause,2
n2-formal-situations,vocab,案内,あんない,guidance,案内に関する詳細は、公式サイトでご確認ください。,Please check the official website for details regarding guidance.,What is the closest meaning of 「案内」?,compromise,factor,impartiality,guidance,3
n2-formal-situations,vocab,通知,つうち,notification,通知に関する詳細は、公式サイトでご確認ください。,Please check the official website for details regarding notification.,What is the closest meaning of 「通知」?,example,sense of discomfort,notification,abolition,2
n2-formal-situations,vocab,掲示,けいじ,notice posting,掲示に関する詳細は、公式サイトでご確認ください。,Please check the official website for details regarding notice posting.,What is the closest meaning of 「掲示」?,notice posting,valuable,inappropriate,evolution,0
n2-formal-situations,vocab,規定,きてい,regulation,規定に関する詳細は、公式サイトでご確認ください。,Please check the official website for details regarding regulation.,What is the closest meaning of 「規定」?,short-term,regulation,structural,part,1
n2-formal-situations,vocab,規約,きやく,terms,規約に関する詳細は、公式サイトでご確認ください。,Please check the official website for details regarding terms.,What is the closest meaning of 「規約」?,terms,point of argument,disparity,activation,0
n2-formal-situations,vocab,契約,けいやく,contract,契約に関する詳細は、公式サイトでご確認ください。,Please check the official website for details regarding contract.,What is the closest meaning of 「契約」?,contract,stability,modernization,renewal,0
n2-formal-situations,vocab,締結,ていけつ,conclusion of agreement,締結に関する詳細は、公式サイトでご確認ください。,Please check the official website for details regarding conclusion of agreement.,What is the closest meaning of 「締結」?,reception number,inquiry,conclusion of agreement,on the other side,2
n2-formal-situations,vocab,更新,こうしん,renewal,更新に関する詳細は、公式サイトでご確認ください。,Please check the official website for details regarding renewal.,What is the closest meaning of 「更新」?,direct,personal,interruption,renewal,3
n2-formal-situations,vocab,変更,へんこう,change,変更に関する詳細は、公式サイトでご確認ください。,Please check the official website for details regarding change.,What is the closest meaning of 「変更」?,diversification,standpoint,change,notice posting,2
n2-formal-situations,vocab,廃止,はいし,abolition,廃止に関する詳細は、公式サイトでご確認ください。,Please check the official website for details regarding abolition.,What is the closest meaning of 「廃止」?,abolition,chain reaction,demand,disparity,0
n2-formal-situations,vocab,実施,じっし,implementation,実施に関する詳細は、公式サイトでご確認ください。,Please check the official website for details regarding implementation.,What is the closest meaning of 「実施」?,required documents,reduction,implementation,reliability,2
n2-formal-situations,vocab,施行,しこう,enforcement,施行に関する詳細は、公式サイトでご確認ください。,Please check the official website for details regarding enforcement.,What is the closest meaning of 「施行」?,special exception,technological,gap in attitude,enforcement,3
n2-formal-situations,vocab,対象,たいしょう,target,対象に関する詳細は、公式サイトでご確認ください。,Please check the official website for details regarding target.,What is the closest meaning of 「対象」?,respect,sense of discomfort,target,decrease,2
n2-formal-situations,vocab,参加者,さんかしゃ,participant,参加者に関する詳細は、公式サイトでご確認ください。,Please check the official website for details regarding participant.,What is the closest meaning of 「参加者」?,abolition,procedure,participant,personal,2
n2-formal-situations,vocab,関係者,かんけいしゃ,related parties,関係者に関する詳細は、公式サイトでご確認ください。,Please check the official website for details regarding related parties.,What is the closest meaning of 「関係者」?,analysis,related parties,evidence,understanding,1
n2-formal-situations,vocab,申込,もうしこみ,application,申込に関する詳細は、公式サイトでご確認ください。,Please check the official website for details regarding application.,What is the closest meaning of 「申込」?,declining birthrate,opposition,application,dispersion,2
n2-formal-situations,vocab,登録,とうろく,registration,登録に関する詳細は、公式サイトでご確認ください。,Please check the official website for details regarding registration.,What is the closest meaning of 「登録」?,circumstances,user,registration,tendency,2
n2-formal-situations,vocab,照会,しょうかい,inquiry,照会に関する詳細は、公式サイトでご確認ください。,Please check the official website for details regarding inquiry.,What is the closest meaning of 「照会」?,progress,proof,reaction,inquiry,3
n2-formal-situations,vocab,回答,かいとう,response,回答に関する詳細は、公式サイトでご確認ください。,Please check the official website for details regarding response.,What is the closest meaning of 「回答」?,improvement,part,contract,response,3
n2-formal-situations,vocab,添付,てんぷ,attachment,添付に関する詳細は、公式サイトでご確認ください。,Please check the official website for details regarding attachment.,What is the closest meaning of 「添付」?,attachment,reasonable,reduction,inquiry,0
n2-formal-situations,vocab,提出先,ていしゅつさき,submission destination,提出先に関する詳細は、公式サイトでご確認ください。,Please check the official website for details regarding submission destination.,What is the closest meaning of 「提出先」?,transition,slump,submission destination,trend,2
n2-formal-situations,vocab,確認事項,かくにんじこう,items to confirm,確認事項に関する詳細は、公式サイトでご確認ください。,Please check the official website for details regarding items to confirm.,What is the closest meaning of 「確認事項」?,reform,verification,automation,items to confirm,3
n2-formal-situations,vocab,注意事項,ちゅういじこう,precautions,注意事項に関する詳細は、公式サイトでご確認ください。,Please check the official website for details regarding precautions.,What is the closest meaning of 「注意事項」?,standpoint,private,precautions,proof,2
n2-formal-situations,vocab,受付番号,うけつけばんごう,reception number,受付番号に関する詳細は、公式サイトでご確認ください。,Please check the official website for details regarding reception number.,What is the closest meaning of 「受付番号」?,reception number,limitation,resumption,social,0
n2-formal-situations,vocab,本人確認,ほんにんかくにん,identity verification,本人確認に関する詳細は、公式サイトでご確認ください。,Please check the official website for details regarding identity verification.,What is the closest meaning of 「本人確認」?,settlement,precautions,identity verification,claim,2
n2-formal-situations,vocab,証明書,しょうめいしょ,certificate,証明書に関する詳細は、公式サイトでご確認ください。,Please check the official website for details regarding certificate.,What is the closest meaning of 「証明書」?,inquiry,objective,certificate,chain reaction,2
n2-formal-situations,vocab,委任状,いにんじょう,power of attorney,委任状に関する詳細は、公式サイトでご確認ください。,Please check the official website for details regarding power of attorney.,What is the closest meaning of 「委任状」?,power of attorney,department in charge,restriction,valuable,0
n2-formal-situations,vocab,必要書類,ひつようしょるい,required documents,必要書類に関する詳細は、公式サイトでご確認ください。,Please check the official website for details regarding required documents.,What is the closest meaning of 「必要書類」?,burden,consent,required documents,reaction,2
n2-formal-situations,vocab,利用者,りようしゃ,user,利用者に関する詳細は、公式サイトでご確認ください。,Please check the official website for details regarding user.,What is the closest meaning of 「利用者」?,outside the scope,precautions,counterargument,user,3
n2-formal-situations,vocab,管理者,かんりしゃ,administrator,管理者に関する詳細は、公式サイトでご確認ください。,Please check the official website for details regarding administrator.,What is the closest meaning of 「管理者」?,pending status,exception rule,progress,administrator,3
n2-formal-situations,vocab,相談窓口,そうだんまどぐち,consultation desk,相談窓口に関する詳細は、公式サイトでご確認ください。,Please check the official website for details regarding consultation desk.,What is the closest meaning of 「相談窓口」?,official,paradox,consultation desk,advancement,2
n2-formal-situations,vocab,担当部署,たんとうぶしょ,department in charge,担当部署に関する詳細は、公式サイトでご確認ください。,Please check the official website for details regarding department in charge.,What is the closest meaning of 「担当部署」?,relation,transition over time,deadline,department in charge,3
n2-formal-situations,vocab,事前予約,じぜんよやく,advance reservation,事前予約に関する詳細は、公式サイトでご確認ください。,Please check the official website for details regarding advance reservation.,What is the closest meaning of 「事前予約」?,internationalization,public release,advance reservation,technological,2
n2-formal-situations,vocab,当日受付,とうじつうけつけ,same-day reception,当日受付に関する詳細は、公式サイトでご確認ください。,Please check the official website for details regarding same-day reception.,What is the closest meaning of 「当日受付」?,same-day reception,trend,reasonable,personal,0
n2-formal-situations,vocab,公式,こうしき,official,公式に関する詳細は、公式サイトでご確認ください。,Please check the official website for details regarding official.,What is the closest meaning of 「公式」?,progress,response,compromise approach,official,3
n2-formal-situations,vocab,正式,せいしき,formal,正式に関する詳細は、公式サイトでご確認ください。,Please check the official website for details regarding formal.,What is the closest meaning of 「正式」?,conversion,demand,formal,supplement,2
n2-formal-situations,vocab,非公開,ひこうかい,private,非公開に関する詳細は、公式サイトでご確認ください。,Please check the official website for details regarding private.,What is the closest meaning of 「非公開」?,room or possibility,private,sequence of events,reception number,1
n2-formal-situations,vocab,公開,こうかい,public release,公開に関する詳細は、公式サイトでご確認ください。,Please check the official website for details regarding public release.,What is the closest meaning of 「公開」?,public release,verification,criteria for judgment,demand,0
n2-formal-situations,vocab,承諾,しょうだく,consent,承諾に関する詳細は、公式サイトでご確認ください。,Please check the official website for details regarding consent.,What is the closest meaning of 「承諾」?,administrator,long-term,decrease,consent,3
n2-formal-situations,vocab,同意,どうい,agreement,同意に関する詳細は、公式サイトでご確認ください。,Please check the official website for details regarding agreement.,What is the closest meaning of 「同意」?,agreement,decrease,standpoint,identity verification,0
n2-formal-situations,vocab,依頼,いらい,request,依頼に関する詳細は、公式サイトでご確認ください。,Please check the official website for details regarding request.,What is the closest meaning of 「依頼」?,criteria for judgment,private,request,depopulation,2
n2-formal-situations,vocab,御社,おんしゃ,your company,御社に関する詳細は、公式サイトでご確認ください。,Please check the official website for details regarding your company.,What is the closest meaning of 「御社」?,diversification,your company,advance reservation,individual,1
n2-formal-situations,vocab,弊社,へいしゃ,our company,弊社に関する詳細は、公式サイトでご確認ください。,Please check the official website for details regarding our company.,What is the closest meaning of 「弊社」?,reversal,our company,reasonable,trend,1
n2-formal-situations,vocab,貴重,きちょう,valuable,貴重に関する詳細は、公式サイトでご確認ください。,Please check the official website for details regarding valuable.,What is the closest meaning of 「貴重」?,declining birthrate,change,valuable,fluctuation,2
n2-formal-situations,vocab,敬意,けいい,respect,敬意に関する詳細は、公式サイトでご確認ください。,Please check the official website for details regarding respect.,What is the closest meaning of 「敬意」?,respect,on the other side,cause,public release,0
n2-formal-situations,grammar,にあたり,,on the occasion of,新サービスの開始にあたり、利用規約を改定しました。,On the occasion of launching the new service we revised the terms of use.,Choose the grammar pattern that best fits this sentence meaning: On the occasion of launching the new service we revised the terms of use.,一方だ,ていく,に関して,にあたり,3
n2-formal-situations,grammar,にあたり,,on the occasion of,会議の開催にあたり、資料を事前に送付いたします。,On the occasion of holding the meeting we will send materials in advance.,Choose the grammar pattern that best fits this sentence meaning: On the occasion of holding the meeting we will send materials in advance.,からこそ,ものの,に従って,にあたり,3
n2-formal-situations,grammar,にあたり,,on the occasion of,移転にあたり、住所変更のお知らせをいたします。,On the occasion of relocation we inform you of the address change.,Choose the grammar pattern that best fits this sentence meaning: On the occasion of relocation we inform you of the address change.,といえる,につき,ものの,にあたり,3
n2-formal-situations,grammar,にあたり,,on the occasion of,制度の導入にあたり、説明会を実施します。,On the occasion of introducing the system we will hold an information session.,Choose the grammar pattern that best fits this sentence meaning: On the occasion of introducing the system we will hold an information session.,にあたり,ていく,において,ざるを得ない,0
n2-formal-situations,grammar,にあたり,,on the occasion of,契約更新にあたり、内容をご確認ください。,When renewing the contract please confirm the details.,Choose the grammar pattern that best fits this sentence meaning: When renewing the contract please confirm the details.,あげく,を除いて,にあたり,に基づき,2
n2-formal-situations,grammar,に際して,,at the time of,ご利用に際しては、注意事項を必ずお読みください。,When using the service please be sure to read the precautions.,Choose the grammar pattern that best fits this sentence meaning: When using the service please be sure to read the precautions.,に際して,にすぎない,て以来,につれて,0
n2-formal-situations,grammar,に際して,,at the time of,申請に際して、本人確認書類が必要です。,When applying identity verification documents are required.,Choose the grammar pattern that best fits this sentence meaning: When applying identity verification documents are required.,どころか,に伴って,ば...ほど,に際して,3
n2-formal-situations,grammar,に際して,,at the time of,入場に際して、受付番号を提示してください。,When entering please show your reception number.,Choose the grammar pattern that best fits this sentence meaning: When entering please show your reception number.,に際して,につながる,こととする,において,0
n2-formal-situations,grammar,に際して,,at the time of,契約に際して、条件を十分に確認してください。,When making a contract please check the conditions carefully.,Choose the grammar pattern that best fits this sentence meaning: When making a contract please check the conditions carefully.,あげく,からこそ,に違いない,に際して,3
n2-formal-situations,grammar,に際して,,at the time of,参加に際して、事前登録が必要です。,When participating advance registration is required.,Choose the grammar pattern that best fits this sentence meaning: When participating advance registration is required.,ばかりに,に違いない,てくる,に際して,3
n2-formal-situations,grammar,につき,,due to,システム点検につき、本日は受付を停止します。,Due to system inspection reception will be suspended today.,Choose the grammar pattern that best fits this sentence meaning: Due to system inspection reception will be suspended today.,ざるを得ない,につき,に限らず,ものとする,1
n2-formal-situations,grammar,につき,,due to,会場準備につき、入場は午後一時からです。,Due to venue preparation entry starts at one p.m.,Choose the grammar pattern that best fits this sentence meaning: Due to venue preparation entry starts at one p.m.,につき,ざるを得ない,ば...ほど,に限らず,0
n2-formal-situations,grammar,につき,,due to,社内研修につき、午後の窓口業務を休止します。,Due to internal training afternoon counter services will be suspended.,Choose the grammar pattern that best fits this sentence meaning: Due to internal training afternoon counter services will be suspended.,につき,につれて,次第,わけではない,0
n2-formal-situations,grammar,につき,,due to,悪天候につき、イベントを中止いたします。,Due to bad weather the event will be canceled.,Choose the grammar pattern that best fits this sentence meaning: Due to bad weather the event will be canceled.,につき,次第で,とは限らない,とはいえ,0
n2-formal-situations,grammar,につき,,due to,祝日につき、配送業務は行いません。,Due to a public holiday delivery service will not operate.,Choose the grammar pattern that best fits this sentence meaning: Due to a public holiday delivery service will not operate.,からこそ,につき,一方で,に基づき,1
n2-formal-situations,grammar,こととする,,it is decided that,本規程は来月一日より実施することとする。,It is decided that these regulations will take effect from the first of next month.,Choose the grammar pattern that best fits this sentence meaning: It is decided that these regulations will take effect from the first of next month.,に伴って,を除いて,こととする,ものの,2
n2-formal-situations,grammar,こととする,,it is decided that,会議資料は前日までに提出することとする。,It is decided that meeting materials are submitted by the previous day.,Choose the grammar pattern that best fits this sentence meaning: It is decided that meeting materials are submitted by the previous day.,こととする,一方で,ばかりに,とはいえ,0
n2-formal-situations,grammar,こととする,,it is decided that,申請はオンラインで受け付けることとする。,It is decided that applications will be accepted online.,Choose the grammar pattern that best fits this sentence meaning: It is decided that applications will be accepted online.,こととする,ものだ,ごとに,とは限らない,0
n2-formal-situations,grammar,こととする,,it is decided that,本件については担当部署が対応することとする。,It is decided that the department in charge will handle this matter.,Choose the grammar pattern that best fits this sentence meaning: It is decided that the department in charge will handle this matter.,どころか,あげく,こととする,に伴って,2
n2-formal-situations,grammar,こととする,,it is decided that,利用時間は午前九時から午後五時までとすることとする。,It is decided that usage hours will be from nine a.m. to five p.m.,Choose the grammar pattern that best fits this sentence meaning: It is decided that usage hours will be from nine a.m. to five p.m.,こととする,といえる,に違いない,次第で,0
n2-formal-situations,grammar,次第,,as soon as,資料が届き次第、メールで共有いたします。,As soon as the materials arrive I will share them by email.,Choose the grammar pattern that best fits this sentence meaning: As soon as the materials arrive I will share them by email.,次第,に比例して,からこそ,こととする,0
n2-formal-situations,grammar,次第,,as soon as,確認が取れ次第、改めてご連絡します。,As soon as confirmation is obtained I will contact you again.,Choose the grammar pattern that best fits this sentence meaning: As soon as confirmation is obtained I will contact you again.,次第,を除いて,にすぎない,にしても,0
n2-formal-situations,grammar,次第,,as soon as,準備が整い次第、受付を開始します。,As soon as preparations are complete reception will begin.,Choose the grammar pattern that best fits this sentence meaning: As soon as preparations are complete reception will begin.,に限らず,次第,ものだ,にもかかわらず,1
n2-formal-situations,grammar,次第,,as soon as,担当者が戻り次第、折り返しお電話いたします。,As soon as the person in charge returns we will call you back.,Choose the grammar pattern that best fits this sentence meaning: As soon as the person in charge returns we will call you back.,次第で,にあたり,ば...ほど,次第,3
n2-formal-situations,grammar,次第,,as soon as,結果が分かり次第、ホームページでお知らせします。,As soon as the result is known we will announce it on the website.,Choose the grammar pattern that best fits this sentence meaning: As soon as the result is known we will announce it on the website.,反面,次第,どころか,ものだ,1
n2-formal-situations,grammar,において,,in or at,本会議において、新方針が発表された。,At this meeting the new policy was announced.,Choose the grammar pattern that best fits this sentence meaning: At this meeting the new policy was announced.,といえる,において,を除いて,に限らず,1
n2-formal-situations,grammar,において,,in or at,当施設において、定期点検を実施します。,At this facility periodic inspection will be conducted.,Choose the grammar pattern that best fits this sentence meaning: At this facility periodic inspection will be conducted.,に従って,一方だ,において,に比例して,2
n2-formal-situations,grammar,において,,in or at,日本社会において、高齢化は重要な課題である。,In Japanese society aging is an important issue.,Choose the grammar pattern that best fits this sentence meaning: In Japanese society aging is an important issue.,に基づき,において,によって,てくる,1
n2-formal-situations,grammar,において,,in or at,教育現場において、ICT活用が進んでいる。,In educational settings ICT use is advancing.,Choose the grammar pattern that best fits this sentence meaning: In educational settings ICT use is advancing.,反面,に限らず,において,にしても,2
n2-formal-situations,grammar,において,,in or at,研究において、データの信頼性は重要だ。,In research data reliability is important.,Choose the grammar pattern that best fits this sentence meaning: In research data reliability is important.,にあたり,に限らず,に従って,において,3
n2-formal-situations,grammar,に関して,,regarding,申請方法に関して、ご不明な点はお問い合わせください。,Regarding the application method please contact us if anything is unclear.,Choose the grammar pattern that best fits this sentence meaning: Regarding the application method please contact us if anything is unclear.,ごとに,に関して,べきだ,ざるを得ない,1
n2-formal-situations,grammar,に関して,,regarding,契約内容に関して、確認したい点があります。,Regarding the contract contents there is something I want to confirm.,Choose the grammar pattern that best fits this sentence meaning: Regarding the contract contents there is something I want to confirm.,に応じて,において,に関して,どころか,2
n2-formal-situations,grammar,に関して,,regarding,本件に関して、担当者より説明いたします。,Regarding this matter the person in charge will explain.,Choose the grammar pattern that best fits this sentence meaning: Regarding this matter the person in charge will explain.,べきだ,ていく,ため,に関して,3
n2-formal-situations,grammar,に関して,,regarding,利用料金に関して、変更のお知らせがあります。,Regarding usage fees there is a notice of change.,Choose the grammar pattern that best fits this sentence meaning: Regarding usage fees there is a notice of change.,にほかならない,に違いない,に従って,に関して,3
n2-formal-situations,grammar,に関して,,regarding,個人情報の扱いに関して、規約をご確認ください。,Regarding the handling of personal information please check the terms.,Choose the grammar pattern that best fits this sentence meaning: Regarding the handling of personal information please check the terms.,あげく,からこそ,ば...ほど,に関して,3
n2-formal-situations,grammar,に基づき,,based on,社内規定に基づき、対応いたします。,We will respond based on company regulations.,Choose the grammar pattern that best fits this sentence meaning: We will respond based on company regulations.,からこそ,に基づき,ていく,にすぎない,1
n2-formal-situations,grammar,に基づき,,based on,調査結果に基づき、改善策を検討します。,We will consider improvement measures based on survey results.,Choose the grammar pattern that best fits this sentence meaning: We will consider improvement measures based on survey results.,ごとに,あげく,に基づき,とは限らない,2
n2-formal-situations,grammar,に基づき,,based on,契約書に基づき、手続きを進めます。,We will proceed with the procedure based on the contract.,Choose the grammar pattern that best fits this sentence meaning: We will proceed with the procedure based on the contract.,つつある,に基づき,を除いて,に反して,1
n2-formal-situations,grammar,に基づき,,based on,法律に基づき、個人情報を管理します。,We manage personal information based on the law.,Choose the grammar pattern that best fits this sentence meaning: We manage personal information based on the law.,に基づき,に従って,にほかならない,にもかかわらず,0
n2-formal-situations,grammar,に基づき,,based on,申請内容に基づき、審査を行います。,We will conduct screening based on the application details.,Choose the grammar pattern that best fits this sentence meaning: We will conduct screening based on the application details.,に基づき,以上,一方だ,に比例して,0
n2-formal-situations,grammar,に応じて,,according to,人数に応じて、会場を変更する場合があります。,The venue may change according to the number of people.,Choose the grammar pattern that best fits this sentence meaning: The venue may change according to the number of people.,にしても,に応じて,に際して,といえる,1
n2-formal-situations,grammar,に応じて,,according to,利用状況に応じて、料金が変わります。,Fees change according to usage conditions.,Choose the grammar pattern that best fits this sentence meaning: Fees change according to usage conditions.,に応じて,にほかならない,によって,つつある,0
n2-formal-situations,grammar,に応じて,,according to,希望に応じて、資料を送付します。,We will send materials according to requests.,Choose the grammar pattern that best fits this sentence meaning: We will send materials according to requests.,に応じて,ことから,に関して,にもかかわらず,0
n2-formal-situations,grammar,に応じて,,according to,経験に応じて、担当業務を決定します。,Duties will be decided according to experience.,Choose the grammar pattern that best fits this sentence meaning: Duties will be decided according to experience.,ものとする,に応じて,ため,一方で,1
n2-formal-situations,grammar,に応じて,,according to,状況に応じて、対応方法を変更します。,We will change the response method according to the situation.,Choose the grammar pattern that best fits this sentence meaning: We will change the response method according to the situation.,てくる,ものとする,に応じて,一方で,2
n2-formal-situations,grammar,ものとする,,shall be regarded or decided,申請者は規約に同意したものとする。,Applicants shall be regarded as having agreed to the terms.,Choose the grammar pattern that best fits this sentence meaning: Applicants shall be regarded as having agreed to the terms.,にもかかわらず,とは限らない,ものの,ものとする,3
n2-formal-situations,grammar,ものとする,,shall be regarded or decided,提出期限を過ぎた場合は無効とするものとする。,If the deadline passes it shall be regarded as invalid.,Choose the grammar pattern that best fits this sentence meaning: If the deadline passes it shall be regarded as invalid.,からすると,べきだ,反面,ものとする,3
n2-formal-situations,grammar,ものとする,,shall be regarded or decided,参加費は事前に支払うものとする。,Participation fees shall be paid in advance.,Choose the grammar pattern that best fits this sentence meaning: Participation fees shall be paid in advance.,といえる,ものとする,以上,につながる,1
n2-formal-situations,grammar,ものとする,,shall be regarded or decided,利用者は注意事項を確認したものとする。,Users shall be regarded as having confirmed the precautions.,Choose the grammar pattern that best fits this sentence meaning: Users shall be regarded as having confirmed the precautions.,に限らず,ものとする,に違いない,に反して,1
n2-formal-situations,grammar,ものとする,,shall be regarded or decided,本規則は全参加者に適用されるものとする。,These rules shall apply to all participants.,Choose the grammar pattern that best fits this sentence meaning: These rules shall apply to all participants.,とはいえ,ものとする,に従って,反面,1
n2-cause-consequence,vocab,影響,えいきょう,impact,この変化の影響について、報告書で詳しく分析されている。,The report analyzes the impact of this change in detail.,What is the closest meaning of 「影響」?,profit,impact,friction,limitation,1
n2-cause-consequence,vocab,要因,よういん,factor,この変化の要因について、報告書で詳しく分析されている。,The report analyzes the factor of this change in detail.,What is the closest meaning of 「要因」?,dispersion,advance reservation,values,factor,3
n2-cause-consequence,vocab,原因,げんいん,cause,この変化の原因について、報告書で詳しく分析されている。,The report analyzes the cause of this change in detail.,What is the closest meaning of 「原因」?,cause,deadline,exclusion,supply,0
n2-cause-consequence,vocab,結論,けつろん,conclusion,この変化の結論について、報告書で詳しく分析されている。,The report analyzes the conclusion of this change in detail.,What is the closest meaning of 「結論」?,evaluation,related parties,respect,conclusion,3
n2-cause-consequence,vocab,結果的に,けっかてきに,as a result,この変化の結果的にについて、報告書で詳しく分析されている。,The report analyzes the as a result of this change in detail.,What is the closest meaning of 「結果的に」?,analysis,abolition,short-term,as a result,3
n2-cause-consequence,vocab,背景,はいけい,background,この変化の背景について、報告書で詳しく分析されている。,The report analyzes the background of this change in detail.,What is the closest meaning of 「背景」?,department in charge,background,motive,promotion,1
n2-cause-consequence,vocab,契機,けいき,trigger,この変化の契機について、報告書で詳しく分析されている。,The report analyzes the trigger of this change in detail.,What is the closest meaning of 「契機」?,sense of discomfort,chance,trigger,conclusion,2
n2-cause-consequence,vocab,促進,そくしん,promotion,この変化の促進について、報告書で詳しく分析されている。,The report analyzes the promotion of this change in detail.,What is the closest meaning of 「促進」?,interruption,promotion,interpretation,pending status,1
n2-cause-consequence,vocab,悪化,あっか,worsening,この変化の悪化について、報告書で詳しく分析されている。,The report analyzes the worsening of this change in detail.,What is the closest meaning of 「悪化」?,viewpoint,comparison,integration,worsening,3
n2-cause-consequence,vocab,改善,かいぜん,improvement,この変化の改善について、報告書で詳しく分析されている。,The report analyzes the improvement of this change in detail.,What is the closest meaning of 「改善」?,reform,improvement,common point,chain reaction,1
n2-cause-consequence,vocab,発生,はっせい,occurrence,この変化の発生について、報告書で詳しく分析されている。,The report analyzes the occurrence of this change in detail.,What is the closest meaning of 「発生」?,trend,occurrence,spread,development,1
n2-cause-consequence,vocab,拡大,かくだい,expansion,この変化の拡大について、報告書で詳しく分析されている。,The report analyzes the expansion of this change in detail.,What is the closest meaning of 「拡大」?,private,difference in response,expansion,values,2
n2-cause-consequence,vocab,縮小,しゅくしょう,reduction,この変化の縮小について、報告書で詳しく分析されている。,The report analyzes the reduction of this change in detail.,What is the closest meaning of 「縮小」?,reduction,friction,response,private,0
n2-cause-consequence,vocab,低下,ていか,decline,この変化の低下について、報告書で詳しく分析されている。,The report analyzes the decline of this change in detail.,What is the closest meaning of 「低下」?,decline,chance,conclusion,profit,0
n2-cause-consequence,vocab,上昇,じょうしょう,rise,この変化の上昇について、報告書で詳しく分析されている。,The report analyzes the rise of this change in detail.,What is the closest meaning of 「上昇」?,rise,values,efficiency improvement,outside the scope,0
n2-cause-consequence,vocab,減少,げんしょう,decrease,この変化の減少について、報告書で詳しく分析されている。,The report analyzes the decrease of this change in detail.,What is the closest meaning of 「減少」?,certificate,possibility,direct,decrease,3
n2-cause-consequence,vocab,増加,ぞうか,increase,この変化の増加について、報告書で詳しく分析されている。,The report analyzes the increase of this change in detail.,What is the closest meaning of 「増加」?,increase,your company,advancement,trigger,0
n2-cause-consequence,vocab,進行,しんこう,progression,この変化の進行について、報告書で詳しく分析されている。,The report analyzes the progression of this change in detail.,What is the closest meaning of 「進行」?,judgment,progression,effect,contradiction,1
n2-cause-consequence,vocab,停滞,ていたい,stagnation,この変化の停滞について、報告書で詳しく分析されている。,The report analyzes the stagnation of this change in detail.,What is the closest meaning of 「停滞」?,stagnation,range,specialized,decline,0
n2-cause-consequence,vocab,混乱,こんらん,confusion,この変化の混乱について、報告書で詳しく分析されている。,The report analyzes the confusion of this change in detail.,What is the closest meaning of 「混乱」?,response,participant,reliability,confusion,3
n2-cause-consequence,vocab,負担,ふたん,burden,この変化の負担について、報告書で詳しく分析されている。,The report analyzes the burden of this change in detail.,What is the closest meaning of 「負担」?,long-term,reliability,burden,technological,2
n2-cause-consequence,vocab,損害,そんがい,damage,この変化の損害について、報告書で詳しく分析されている。,The report analyzes the damage of this change in detail.,What is the closest meaning of 「損害」?,possibility,damage,separation,integration,1
n2-cause-consequence,vocab,利益,りえき,profit,この変化の利益について、報告書で詳しく分析されている。,The report analyzes the profit of this change in detail.,What is the closest meaning of 「利益」?,general,compromise,profit,appropriate,2
n2-cause-consequence,vocab,需要,じゅよう,demand,この変化の需要について、報告書で詳しく分析されている。,The report analyzes the demand of this change in detail.,What is the closest meaning of 「需要」?,disagreement,inevitability,demand,economic,2
n2-cause-consequence,vocab,供給,きょうきゅう,supply,この変化の供給について、報告書で詳しく分析されている。,The report analyzes the supply of this change in detail.,What is the closest meaning of 「供給」?,criticism,growth,supply,factor,2
n2-cause-consequence,vocab,反応,はんのう,reaction,この変化の反応について、報告書で詳しく分析されている。,The report analyzes the reaction of this change in detail.,What is the closest meaning of 「反応」?,reaction,identity verification,declining birthrate,registration,0
n2-cause-consequence,vocab,変動,へんどう,fluctuation,この変化の変動について、報告書で詳しく分析されている。,The report analyzes the fluctuation of this change in detail.,What is the closest meaning of 「変動」?,fluctuation,related parties,burden,expansion,0
n2-cause-consequence,vocab,傾向,けいこう,tendency,この変化の傾向について、報告書で詳しく分析されている。,The report analyzes the tendency of this change in detail.,What is the closest meaning of 「傾向」?,valuable,tendency,growth,fairness,1
n2-cause-consequence,vocab,対策,たいさく,countermeasure,この変化の対策について、報告書で詳しく分析されている。,The report analyzes the countermeasure of this change in detail.,What is the closest meaning of 「対策」?,countermeasure,supplement,respect,tendency,0
n2-cause-consequence,vocab,効果,こうか,effect,この変化の効果について、報告書で詳しく分析されている。,The report analyzes the effect of this change in detail.,What is the closest meaning of 「効果」?,advancement,our company,outside the scope,effect,3
n2-cause-consequence,vocab,副作用,ふくさよう,side effect,この変化の副作用について、報告書で詳しく分析されている。,The report analyzes the side effect of this change in detail.,What is the closest meaning of 「副作用」?,comprehensive,side effect,recognition,possibility,1
n2-cause-consequence,vocab,必然,ひつぜん,inevitability,この変化の必然について、報告書で詳しく分析されている。,The report analyzes the inevitability of this change in detail.,What is the closest meaning of 「必然」?,chance,inevitability,development,special exception,1
n2-cause-consequence,vocab,偶然,ぐうぜん,chance,この変化の偶然について、報告書で詳しく分析されている。,The report analyzes the chance of this change in detail.,What is the closest meaning of 「偶然」?,regulation,implementation,chance,reversal,2
n2-cause-consequence,vocab,関連,かんれん,relation,この変化の関連について、報告書で詳しく分析されている。,The report analyzes the relation of this change in detail.,What is the closest meaning of 「関連」?,conclusion of agreement,decrease,relation,structural,2
n2-cause-consequence,vocab,連鎖,れんさ,chain reaction,この変化の連鎖について、報告書で詳しく分析されている。,The report analyzes the chain reaction of this change in detail.,What is the closest meaning of 「連鎖」?,inappropriate,chain reaction,technological,difference in response,1
n2-cause-consequence,vocab,誘因,ゆういん,inducing factor,この変化の誘因について、報告書で詳しく分析されている。,The report analyzes the inducing factor of this change in detail.,What is the closest meaning of 「誘因」?,stability,inducing factor,specialized,promotion,1
n2-cause-consequence,vocab,動機,どうき,motive,この変化の動機について、報告書で詳しく分析されている。,The report analyzes the motive of this change in detail.,What is the closest meaning of 「動機」?,specialized,short-term,factor,motive,3
n2-cause-consequence,vocab,事情,じじょう,circumstances,この変化の事情について、報告書で詳しく分析されている。,The report analyzes the circumstances of this change in detail.,What is the closest meaning of 「事情」?,same-day reception,relation,efficiency improvement,circumstances,3
n2-cause-consequence,vocab,経緯,けいい,sequence of events,この変化の経緯について、報告書で詳しく分析されている。,The report analyzes the sequence of events of this change in detail.,What is the closest meaning of 「経緯」?,pros and cons,fall,sequence of events,economic,2
n2-cause-consequence,vocab,根本,こんぽん,root,この変化の根本について、報告書で詳しく分析されている。,The report analyzes the root of this change in detail.,What is the closest meaning of 「根本」?,room or possibility,conclusion of agreement,change,root,3
n2-cause-consequence,vocab,直接的,ちょくせつてき,direct,この変化の直接的について、報告書で詳しく分析されている。,The report analyzes the direct of this change in detail.,What is the closest meaning of 「直接的」?,direct,advancement,disagreement,deadline,0
n2-cause-consequence,vocab,間接的,かんせつてき,indirect,この変化の間接的について、報告書で詳しく分析されている。,The report analyzes the indirect of this change in detail.,What is the closest meaning of 「間接的」?,change,conditional,indirect,internationalization,2
n2-cause-consequence,vocab,長期的,ちょうきてき,long-term,この変化の長期的について、報告書で詳しく分析されている。,The report analyzes the long-term of this change in detail.,What is the closest meaning of 「長期的」?,development,consultation desk,inevitability,long-term,3
n2-cause-consequence,vocab,短期的,たんきてき,short-term,この変化の短期的について、報告書で詳しく分析されている。,The report analyzes the short-term of this change in detail.,What is the closest meaning of 「短期的」?,confusion,short-term,distance or gap,impartiality,1
n2-cause-consequence,vocab,経済的,けいざいてき,economic,この変化の経済的について、報告書で詳しく分析されている。,The report analyzes the economic of this change in detail.,What is the closest meaning of 「経済的」?,cause,economic,damage,our company,1
n2-cause-consequence,vocab,社会的,しゃかいてき,social,この変化の社会的について、報告書で詳しく分析されている。,The report analyzes the social of this change in detail.,What is the closest meaning of 「社会的」?,sequence of events,values,social,short-term,2
n2-cause-consequence,vocab,環境的,かんきょうてき,environmental,この変化の環境的について、報告書で詳しく分析されている。,The report analyzes the environmental of this change in detail.,What is the closest meaning of 「環境的」?,countermeasure,private,distance or gap,environmental,3
n2-cause-consequence,vocab,技術的,ぎじゅつてき,technological,この変化の技術的について、報告書で詳しく分析されている。,The report analyzes the technological of this change in detail.,What is the closest meaning of 「技術的」?,penetration,bias,technological,power of attorney,2
n2-cause-consequence,vocab,構造的,こうぞうてき,structural,この変化の構造的について、報告書で詳しく分析されている。,The report analyzes the structural of this change in detail.,What is the closest meaning of 「構造的」?,contrast,settlement,our company,structural,3
n2-cause-consequence,vocab,心理的,しんりてき,psychological,この変化の心理的について、報告書で詳しく分析されている。,The report analyzes the psychological of this change in detail.,What is the closest meaning of 「心理的」?,viewpoint,valuable,psychological,demand,2
n2-cause-consequence,grammar,によって,,because of or by means of,技術の進歩によって、働き方が大きく変わった。,Because of technological progress ways of working changed greatly.,Choose the grammar pattern that best fits this sentence meaning: Because of technological progress ways of working changed greatly.,一方で,ものとする,によって,に反して,2
n2-cause-consequence,grammar,によって,,because of or by means of,大雨によって、一部の道路が通行止めになった。,Because of heavy rain some roads were closed.,Choose the grammar pattern that best fits this sentence meaning: Because of heavy rain some roads were closed.,に限らず,てくる,によって,につれて,2
n2-cause-consequence,grammar,によって,,because of or by means of,制度の変更によって、手続きが簡単になった。,Because of the system change the procedure became easier.,Choose the grammar pattern that best fits this sentence meaning: Because of the system change the procedure became easier.,次第で,とは限らない,といえる,によって,3
n2-cause-consequence,grammar,によって,,because of or by means of,情報共有によって、ミスを減らすことができる。,By sharing information mistakes can be reduced.,Choose the grammar pattern that best fits this sentence meaning: By sharing information mistakes can be reduced.,に反して,からこそ,によって,に違いない,2
n2-cause-consequence,grammar,によって,,because of or by means of,人口減少によって、地域経済に影響が出ている。,Because of population decline regional economies are affected.,Choose the grammar pattern that best fits this sentence meaning: Because of population decline regional economies are affected.,につれて,に比例して,ば...ほど,によって,3
n2-cause-consequence,grammar,ことから,,from the fact that,利用者が増えていることから、需要は高いと考えられる。,From the fact that users are increasing demand is considered high.,Choose the grammar pattern that best fits this sentence meaning: From the fact that users are increasing demand is considered high.,にすぎない,てくる,ため,ことから,3
n2-cause-consequence,grammar,ことから,,from the fact that,回答が少なかったことから、関心は低いと判断された。,From the fact that responses were few interest was judged low.,Choose the grammar pattern that best fits this sentence meaning: From the fact that responses were few interest was judged low.,ことから,わけではない,に関して,につながる,0
n2-cause-consequence,grammar,ことから,,from the fact that,売上が回復していることから、市場は改善しているといえる。,From the fact that sales are recovering the market can be said to be improving.,Choose the grammar pattern that best fits this sentence meaning: From the fact that sales are recovering the market can be said to be improving.,ことから,を除いて,に従って,にしても,0
n2-cause-consequence,grammar,ことから,,from the fact that,事故が続いたことから、安全対策が見直された。,From the fact that accidents continued safety measures were reviewed.,Choose the grammar pattern that best fits this sentence meaning: From the fact that accidents continued safety measures were reviewed.,に反して,ことから,に際して,ば...ほど,1
n2-cause-consequence,grammar,ことから,,from the fact that,参加者の満足度が高いことから、イベントは成功したといえる。,From the high satisfaction of participants the event can be called a success.,Choose the grammar pattern that best fits this sentence meaning: From the high satisfaction of participants the event can be called a success.,ことから,つつある,に違いない,とはいえ,0
n2-cause-consequence,grammar,ため,,because of,大雨のため、一部の電車が遅れています。,Because of heavy rain some trains are delayed.,Choose the grammar pattern that best fits this sentence meaning: Because of heavy rain some trains are delayed.,において,次第,ため,とは限らない,2
n2-cause-consequence,grammar,ため,,because of,システム障害のため、ログインできません。,Because of a system failure login is unavailable.,Choose the grammar pattern that best fits this sentence meaning: Because of a system failure login is unavailable.,ため,にしても,によって,ていく,0
n2-cause-consequence,grammar,ため,,because of,人手不足のため、営業時間を短縮します。,Because of staff shortage business hours will be shortened.,Choose the grammar pattern that best fits this sentence meaning: Because of staff shortage business hours will be shortened.,ていく,において,ため,に際して,2
n2-cause-consequence,grammar,ため,,because of,健康上の理由のため、参加を見合わせます。,Because of health reasons I will refrain from participating.,Choose the grammar pattern that best fits this sentence meaning: Because of health reasons I will refrain from participating.,に違いない,ことから,ため,からこそ,2
n2-cause-consequence,grammar,ため,,because of,資料作成のため、会議時間を変更します。,Because of material preparation the meeting time will be changed.,Choose the grammar pattern that best fits this sentence meaning: Because of material preparation the meeting time will be changed.,につき,とはいえ,ため,反面,2
n2-cause-consequence,grammar,以上,,now that or since,契約を結んだ以上、責任を持って対応すべきだ。,Now that the contract has been signed we should respond responsibly.,Choose the grammar pattern that best fits this sentence meaning: Now that the contract has been signed we should respond responsibly.,以上,こととする,ものだ,につながる,0
n2-cause-consequence,grammar,以上,,now that or since,参加すると決めた以上、最後まで努力したい。,Now that I decided to participate I want to try until the end.,Choose the grammar pattern that best fits this sentence meaning: Now that I decided to participate I want to try until the end.,によって,次第,こととする,以上,3
n2-cause-consequence,grammar,以上,,now that or since,約束した以上、守らなければならない。,Now that I promised I must keep it.,Choose the grammar pattern that best fits this sentence meaning: Now that I promised I must keep it.,以上,次第で,に反して,によって,0
n2-cause-consequence,grammar,以上,,now that or since,責任者である以上、状況を説明する必要がある。,Since you are the person responsible you need to explain the situation.,Choose the grammar pattern that best fits this sentence meaning: Since you are the person responsible you need to explain the situation.,にもかかわらず,を除いて,以上,に応じて,2
n2-cause-consequence,grammar,以上,,now that or since,社会人である以上、基本的なマナーは必要だ。,Since you are a working adult basic manners are necessary.,Choose the grammar pattern that best fits this sentence meaning: Since you are a working adult basic manners are necessary.,以上,によって,といえる,一方だ,0
n2-cause-consequence,grammar,あげく,,after much effort ending badly,何度も話し合ったあげく、計画は中止になった。,After many discussions the plan ended up being canceled.,Choose the grammar pattern that best fits this sentence meaning: After many discussions the plan ended up being canceled.,ものとする,にしても,あげく,に基づき,2
n2-cause-consequence,grammar,あげく,,after much effort ending badly,長時間待たされたあげく、窓口は閉まってしまった。,After being made to wait a long time the counter ended up closing.,Choose the grammar pattern that best fits this sentence meaning: After being made to wait a long time the counter ended up closing.,つつある,て以来,一方で,あげく,3
n2-cause-consequence,grammar,あげく,,after much effort ending badly,いろいろ迷ったあげく、結局何も買わなかった。,After much hesitation I ended up buying nothing.,Choose the grammar pattern that best fits this sentence meaning: After much hesitation I ended up buying nothing.,において,につれて,に反して,あげく,3
n2-cause-consequence,grammar,あげく,,after much effort ending badly,何度も修正したあげく、最初の案に戻った。,After many revisions we ended up returning to the first plan.,Choose the grammar pattern that best fits this sentence meaning: After many revisions we ended up returning to the first plan.,てくる,において,に違いない,あげく,3
n2-cause-consequence,grammar,あげく,,after much effort ending badly,資料を探し回ったあげく、必要な情報は見つからなかった。,After searching around for materials the necessary information was not found.,Choose the grammar pattern that best fits this sentence meaning: After searching around for materials the necessary information was not found.,ことから,一方だ,に限らず,あげく,3
n2-cause-consequence,grammar,ばかりに,,simply because,確認を怠ったばかりに、大きなミスが起きた。,Simply because confirmation was neglected a major mistake occurred.,Choose the grammar pattern that best fits this sentence meaning: Simply because confirmation was neglected a major mistake occurred.,反面,ため,ばかりに,ば...ほど,2
n2-cause-consequence,grammar,ばかりに,,simply because,一言足りなかったばかりに、誤解を招いた。,Simply because one word was lacking it caused misunderstanding.,Choose the grammar pattern that best fits this sentence meaning: Simply because one word was lacking it caused misunderstanding.,ばかりに,ものの,によって,に際して,0
n2-cause-consequence,grammar,ばかりに,,simply because,安さを重視したばかりに、品質に問題が出た。,Simply because price was prioritized quality problems appeared.,Choose the grammar pattern that best fits this sentence meaning: Simply because price was prioritized quality problems appeared.,ばかりに,ことから,において,に際して,0
n2-cause-consequence,grammar,ばかりに,,simply because,準備を後回しにしたばかりに、発表が不十分になった。,Simply because preparation was postponed the presentation became insufficient.,Choose the grammar pattern that best fits this sentence meaning: Simply because preparation was postponed the presentation became insufficient.,ばかりに,につき,こととする,次第で,0
n2-cause-consequence,grammar,ばかりに,,simply because,情報を共有しなかったばかりに、対応が遅れた。,Simply because information was not shared the response was delayed.,Choose the grammar pattern that best fits this sentence meaning: Simply because information was not shared the response was delayed.,に限らず,ごとに,ばかりに,ていく,2
n2-cause-consequence,grammar,に伴って,,along with,人口の減少に伴って、学校の数も減っている。,Along with population decline the number of schools is also decreasing.,Choose the grammar pattern that best fits this sentence meaning: Along with population decline the number of schools is also decreasing.,ば...ほど,を除いて,に伴って,つつある,2
n2-cause-consequence,grammar,に伴って,,along with,技術の発展に伴って、働き方も変化している。,Along with technological development work styles are changing.,Choose the grammar pattern that best fits this sentence meaning: Along with technological development work styles are changing.,に伴って,一方で,において,にしても,0
n2-cause-consequence,grammar,に伴って,,along with,利用者の増加に伴って、問い合わせも増えた。,Along with the increase in users inquiries also increased.,Choose the grammar pattern that best fits this sentence meaning: Along with the increase in users inquiries also increased.,ため,につれて,一方で,に伴って,3
n2-cause-consequence,grammar,に伴って,,along with,物価の上昇に伴って、生活費も高くなっている。,Along with rising prices living costs are also becoming higher.,Choose the grammar pattern that best fits this sentence meaning: Along with rising prices living costs are also becoming higher.,に反して,とはいえ,に伴って,に従って,2
n2-cause-consequence,grammar,に伴って,,along with,国際化に伴って、外国語能力の重要性が高まった。,Along with internationalization the importance of foreign language ability increased.,Choose the grammar pattern that best fits this sentence meaning: Along with internationalization the importance of foreign language ability increased.,を除いて,に伴って,一方だ,ごとに,1
n2-cause-consequence,grammar,につながる,,lead to,早期発見は治療の選択肢を広げることにつながる。,Early detection leads to expanding treatment options.,Choose the grammar pattern that best fits this sentence meaning: Early detection leads to expanding treatment options.,次第,ば...ほど,につながる,にしても,2
n2-cause-consequence,grammar,につながる,,lead to,小さな改善が大きな成果につながる。,Small improvements lead to big results.,Choose the grammar pattern that best fits this sentence meaning: Small improvements lead to big results.,につながる,によって,において,わけではない,0
n2-cause-consequence,grammar,につながる,,lead to,情報共有はミスの防止につながる。,Information sharing leads to preventing mistakes.,Choose the grammar pattern that best fits this sentence meaning: Information sharing leads to preventing mistakes.,にしても,ものの,につながる,ざるを得ない,2
n2-cause-consequence,grammar,につながる,,lead to,運動不足は健康問題につながる可能性がある。,Lack of exercise may lead to health problems.,Choose the grammar pattern that best fits this sentence meaning: Lack of exercise may lead to health problems.,にしても,からすると,につながる,どころか,2
n2-cause-consequence,grammar,につながる,,lead to,信頼できる説明は利用者の安心につながる。,Reliable explanations lead to user reassurance.,Choose the grammar pattern that best fits this sentence meaning: Reliable explanations lead to user reassurance.,からすると,につながる,によって,ものだ,1
n2-cause-consequence,grammar,からこそ,,precisely because,難しいからこそ、挑戦する価値がある。,Precisely because it is difficult it is worth challenging.,Choose the grammar pattern that best fits this sentence meaning: Precisely because it is difficult it is worth challenging.,からこそ,つつある,に伴って,にしても,0
n2-cause-consequence,grammar,からこそ,,precisely because,失敗したからこそ、学べることがある。,Precisely because we failed there are things we can learn.,Choose the grammar pattern that best fits this sentence meaning: Precisely because we failed there are things we can learn.,反面,からこそ,にしても,こととする,1
n2-cause-consequence,grammar,からこそ,,precisely because,地域をよく知っているからこそ、できる支援がある。,Precisely because they know the region well there is support they can provide.,Choose the grammar pattern that best fits this sentence meaning: Precisely because they know the region well there is support they can provide.,ばかりに,こととする,からこそ,以上,2
n2-cause-consequence,grammar,からこそ,,precisely because,忙しいからこそ、計画的に行動する必要がある。,Precisely because we are busy we need to act with a plan.,Choose the grammar pattern that best fits this sentence meaning: Precisely because we are busy we need to act with a plan.,べきだ,に限らず,からこそ,ば...ほど,2
n2-cause-consequence,grammar,からこそ,,precisely because,経験があるからこそ、新しい問題にも対応できる。,Precisely because there is experience we can respond to new problems.,Choose the grammar pattern that best fits this sentence meaning: Precisely because there is experience we can respond to new problems.,に反して,に際して,一方だ,からこそ,3
n2-cause-consequence,grammar,次第で,,depending on,天気次第で、イベントの場所を変更します。,Depending on the weather we will change the event location.,Choose the grammar pattern that best fits this sentence meaning: Depending on the weather we will change the event location.,次第で,以上,どころか,ものだ,0
n2-cause-consequence,grammar,次第で,,depending on,結果次第で、次の方針を決めます。,Depending on the result we will decide the next policy.,Choose the grammar pattern that best fits this sentence meaning: Depending on the result we will decide the next policy.,てくる,につき,に際して,次第で,3
n2-cause-consequence,grammar,次第で,,depending on,予算次第で、導入時期が変わります。,Depending on the budget the introduction timing will change.,Choose the grammar pattern that best fits this sentence meaning: Depending on the budget the introduction timing will change.,ため,次第で,に際して,こととする,1
n2-cause-consequence,grammar,次第で,,depending on,参加人数次第で、会場を調整します。,Depending on the number of participants we will adjust the venue.,Choose the grammar pattern that best fits this sentence meaning: Depending on the number of participants we will adjust the venue.,ものだ,にほかならない,べきだ,次第で,3
n2-cause-consequence,grammar,次第で,,depending on,対応次第で、信頼を回復できる可能性がある。,Depending on the response there is a possibility of restoring trust.,Choose the grammar pattern that best fits this sentence meaning: Depending on the response there is a possibility of restoring trust.,に基づき,にあたり,次第で,に応じて,2
n2-change-progress,vocab,改善,かいぜん,improvement,近年、この分野では改善が急速に進んでいる。,In recent years improvement has been progressing rapidly in this field.,What is the closest meaning of 「改善」?,deceleration,shift,improvement,approval,2
n2-change-progress,vocab,悪化,あっか,worsening,近年、この分野では悪化が急速に進んでいる。,In recent years worsening has been progressing rapidly in this field.,What is the closest meaning of 「悪化」?,supply,reliability,worsening,necessity,2
n2-change-progress,vocab,推移,すいい,transition over time,近年、この分野では推移が急速に進んでいる。,In recent years transition over time has been progressing rapidly in this field.,What is the closest meaning of 「推移」?,transition over time,long-term,formal,guess,0
n2-change-progress,vocab,傾向,けいこう,trend,近年、この分野では傾向が急速に進んでいる。,In recent years trend has been progressing rapidly in this field.,What is the closest meaning of 「傾向」?,settlement,renewal,continuation,trend,3
n2-change-progress,vocab,進展,しんてん,progress,近年、この分野では進展が急速に進んでいる。,In recent years progress has been progressing rapidly in this field.,What is the closest meaning of 「進展」?,proof,sense of discomfort,progress,viewpoint,2
n2-change-progress,vocab,発展,はってん,development,近年、この分野では発展が急速に進んでいる。,In recent years development has been progressing rapidly in this field.,What is the closest meaning of 「発展」?,abolition,profit,exception rule,development,3
n2-change-progress,vocab,成長,せいちょう,growth,近年、この分野では成長が急速に進んでいる。,In recent years growth has been progressing rapidly in this field.,What is the closest meaning of 「成長」?,growth,official,activation,urbanization,0
n2-change-progress,vocab,衰退,すいたい,decline,近年、この分野では衰退が急速に進んでいる。,In recent years decline has been progressing rapidly in this field.,What is the closest meaning of 「衰退」?,factor,interruption,decline,difference in response,2
n2-change-progress,vocab,変革,へんかく,reform,近年、この分野では変革が急速に進んでいる。,In recent years reform has been progressing rapidly in this field.,What is the closest meaning of 「変革」?,influence,reform,substitution,demand,1
n2-change-progress,vocab,改革,かいかく,reform,近年、この分野では改革が急速に進んでいる。,In recent years reform has been progressing rapidly in this field.,What is the closest meaning of 「改革」?,inevitability,valuable,reform,procedure,2
n2-change-progress,vocab,転換,てんかん,shift,近年、この分野では転換が急速に進んでいる。,In recent years shift has been progressing rapidly in this field.,What is the closest meaning of 「転換」?,shift,tendency,renewal,transition,0
n2-change-progress,vocab,移行,いこう,transition,近年、この分野では移行が急速に進んでいる。,In recent years transition has been progressing rapidly in this field.,What is the closest meaning of 「移行」?,transition,countermeasure,reception number,participant,0
n2-change-progress,vocab,変動,へんどう,fluctuation,近年、この分野では変動が急速に進んでいる。,In recent years fluctuation has been progressing rapidly in this field.,What is the closest meaning of 「変動」?,administrator,fluctuation,target,consultation desk,1
n2-change-progress,vocab,上昇,じょうしょう,rise,近年、この分野では上昇が急速に進んでいる。,In recent years rise has been progressing rapidly in this field.,What is the closest meaning of 「上昇」?,individual,issue,rise,shift,2
n2-change-progress,vocab,下降,かこう,fall,近年、この分野では下降が急速に進んでいる。,In recent years fall has been progressing rapidly in this field.,What is the closest meaning of 「下降」?,circumstances,verification,interpretation,fall,3
n2-change-progress,vocab,安定,あんてい,stability,近年、この分野では安定が急速に進んでいる。,In recent years stability has been progressing rapidly in this field.,What is the closest meaning of 「安定」?,stability,stagnation,response,pending status,0
n2-change-progress,vocab,不安定,ふあんてい,instability,近年、この分野では不安定が急速に進んでいる。,In recent years instability has been progressing rapidly in this field.,What is the closest meaning of 「不安定」?,instability,damage,advancement,personal,0
n2-change-progress,vocab,拡大,かくだい,expansion,近年、この分野では拡大が急速に進んでいる。,In recent years expansion has been progressing rapidly in this field.,What is the closest meaning of 「拡大」?,compromise,private,expansion,difference in response,2
n2-change-progress,vocab,縮小,しゅくしょう,reduction,近年、この分野では縮小が急速に進んでいる。,In recent years reduction has been progressing rapidly in this field.,What is the closest meaning of 「縮小」?,conversion,request,trigger,reduction,3
n2-change-progress,vocab,多様化,たようか,diversification,近年、この分野では多様化が急速に進んでいる。,In recent years diversification has been progressing rapidly in this field.,What is the closest meaning of 「多様化」?,discussion,understanding,diversification,social,2
n2-change-progress,vocab,高度化,こうどか,advancement,近年、この分野では高度化が急速に進んでいる。,In recent years advancement has been progressing rapidly in this field.,What is the closest meaning of 「高度化」?,exception,advancement,cancellation,public release,1
n2-change-progress,vocab,効率化,こうりつか,efficiency improvement,近年、この分野では効率化が急速に進んでいる。,In recent years efficiency improvement has been progressing rapidly in this field.,What is the closest meaning of 「効率化」?,reorganization,judgment,efficiency improvement,pending status,2
n2-change-progress,vocab,自動化,じどうか,automation,近年、この分野では自動化が急速に進んでいる。,In recent years automation has been progressing rapidly in this field.,What is the closest meaning of 「自動化」?,social,trigger,evidence,automation,3
n2-change-progress,vocab,デジタル化,デジタルか,digitalization,近年、この分野ではデジタル化が急速に進んでいる。,In recent years digitalization has been progressing rapidly in this field.,What is the closest meaning of 「デジタル化」?,environmental,increase,room or possibility,digitalization,3
n2-change-progress,vocab,国際化,こくさいか,internationalization,近年、この分野では国際化が急速に進んでいる。,In recent years internationalization has been progressing rapidly in this field.,What is the closest meaning of 「国際化」?,damage,counterargument,internationalization,range,2
n2-change-progress,vocab,高齢化,こうれいか,aging of society,近年、この分野では高齢化が急速に進んでいる。,In recent years aging of society has been progressing rapidly in this field.,What is the closest meaning of 「高齢化」?,aging of society,accuracy,opposition,structural,0
n2-change-progress,vocab,少子化,しょうしか,declining birthrate,近年、この分野では少子化が急速に進んでいる。,In recent years declining birthrate has been progressing rapidly in this field.,What is the closest meaning of 「少子化」?,short-term,power of attorney,declining birthrate,reduction,2
n2-change-progress,vocab,都市化,としか,urbanization,近年、この分野では都市化が急速に進んでいる。,In recent years urbanization has been progressing rapidly in this field.,What is the closest meaning of 「都市化」?,on the other hand,change,urbanization,profit,2
n2-change-progress,vocab,過疎化,かそか,depopulation,近年、この分野では過疎化が急速に進んでいる。,In recent years depopulation has been progressing rapidly in this field.,What is the closest meaning of 「過疎化」?,inappropriate,decline,depopulation,inquiry,2
n2-change-progress,vocab,現代化,げんだいか,modernization,近年、この分野では現代化が急速に進んでいる。,In recent years modernization has been progressing rapidly in this field.,What is the closest meaning of 「現代化」?,user,modernization,short-term,spread,1
n2-change-progress,vocab,継続,けいぞく,continuation,近年、この分野では継続が急速に進んでいる。,In recent years continuation has been progressing rapidly in this field.,What is the closest meaning of 「継続」?,bias,continuation,instability,importance,1
n2-change-progress,vocab,中断,ちゅうだん,interruption,近年、この分野では中断が急速に進んでいる。,In recent years interruption has been progressing rapidly in this field.,What is the closest meaning of 「中断」?,transition,internationalization,interruption,aging of society,2
n2-change-progress,vocab,再開,さいかい,resumption,近年、この分野では再開が急速に進んでいる。,In recent years resumption has been progressing rapidly in this field.,What is the closest meaning of 「再開」?,exception rule,resumption,submission destination,recovery,1
n2-change-progress,vocab,加速,かそく,acceleration,近年、この分野では加速が急速に進んでいる。,In recent years acceleration has been progressing rapidly in this field.,What is the closest meaning of 「加速」?,penetration,efficiency improvement,person in charge,acceleration,3
n2-change-progress,vocab,減速,げんそく,deceleration,近年、この分野では減速が急速に進んでいる。,In recent years deceleration has been progressing rapidly in this field.,What is the closest meaning of 「減速」?,bias,deceleration,doubt,viewpoint,1
n2-change-progress,vocab,普及,ふきゅう,spread,近年、この分野では普及が急速に進んでいる。,In recent years spread has been progressing rapidly in this field.,What is the closest meaning of 「普及」?,tendency,spread,deadline,factor,1
n2-change-progress,vocab,浸透,しんとう,penetration,近年、この分野では浸透が急速に進んでいる。,In recent years penetration has been progressing rapidly in this field.,What is the closest meaning of 「浸透」?,countermeasure,activation,penetration,disagreement,2
n2-change-progress,vocab,定着,ていちゃく,settlement,近年、この分野では定着が急速に進んでいる。,In recent years settlement has been progressing rapidly in this field.,What is the closest meaning of 「定着」?,same-day reception,modernization,settlement,impartiality,2
n2-change-progress,vocab,更新,こうしん,renewal,近年、この分野では更新が急速に進んでいる。,In recent years renewal has been progressing rapidly in this field.,What is the closest meaning of 「更新」?,continuation,analysis,renewal,public release,2
n2-change-progress,vocab,調整,ちょうせい,adjustment,近年、この分野では調整が急速に進んでいる。,In recent years adjustment has been progressing rapidly in this field.,What is the closest meaning of 「調整」?,adjustment,private,deceleration,gap or shift,0
n2-change-progress,vocab,最適化,さいてきか,optimization,近年、この分野では最適化が急速に進んでいる。,In recent years optimization has been progressing rapidly in this field.,What is the closest meaning of 「最適化」?,dispersion,compromise approach,transition over time,optimization,3
n2-change-progress,vocab,再編,さいへん,reorganization,近年、この分野では再編が急速に進んでいる。,In recent years reorganization has been progressing rapidly in this field.,What is the closest meaning of 「再編」?,depopulation,maturity,reorganization,comprehensive,2
n2-change-progress,vocab,統合,とうごう,integration,近年、この分野では統合が急速に進んでいる。,In recent years integration has been progressing rapidly in this field.,What is the closest meaning of 「統合」?,dispersion,as a result,diversification,integration,3
n2-change-progress,vocab,分散,ぶんさん,dispersion,近年、この分野では分散が急速に進んでいる。,In recent years dispersion has been progressing rapidly in this field.,What is the closest meaning of 「分散」?,dispersion,viewpoint,instability,conclusion,0
n2-change-progress,vocab,成熟,せいじゅく,maturity,近年、この分野では成熟が急速に進んでいる。,In recent years maturity has been progressing rapidly in this field.,What is the closest meaning of 「成熟」?,maturity,implementation,guess,importance,0
n2-change-progress,vocab,停滞,ていたい,stagnation,近年、この分野では停滞が急速に進んでいる。,In recent years stagnation has been progressing rapidly in this field.,What is the closest meaning of 「停滞」?,sequence of events,integration,stagnation,discussion,2
n2-change-progress,vocab,回復,かいふく,recovery,近年、この分野では回復が急速に進んでいる。,In recent years recovery has been progressing rapidly in this field.,What is the closest meaning of 「回復」?,recovery,interruption,request,short-term,0
n2-change-progress,vocab,低迷,ていめい,slump,近年、この分野では低迷が急速に進んでいる。,In recent years slump has been progressing rapidly in this field.,What is the closest meaning of 「低迷」?,slump,enforcement,same-day reception,expansion,0
n2-change-progress,vocab,活性化,かっせいか,activation,近年、この分野では活性化が急速に進んでいる。,In recent years activation has been progressing rapidly in this field.,What is the closest meaning of 「活性化」?,required documents,advance reservation,verification,activation,3
n2-change-progress,vocab,進化,しんか,evolution,近年、この分野では進化が急速に進んでいる。,In recent years evolution has been progressing rapidly in this field.,What is the closest meaning of 「進化」?,tendency,evolution,cause,on the other hand,1
n2-change-progress,grammar,つつある,,be in the process of,地方の人口は減少しつつある。,The population in rural areas is decreasing.,Choose the grammar pattern that best fits this sentence meaning: The population in rural areas is decreasing.,に限らず,ばかりに,つつある,に違いない,2
n2-change-progress,grammar,つつある,,be in the process of,働き方は大きく変わりつつある。,Work styles are in the process of changing greatly.,Choose the grammar pattern that best fits this sentence meaning: Work styles are in the process of changing greatly.,に伴って,につき,つつある,ことから,2
n2-change-progress,grammar,つつある,,be in the process of,紙の手続きは少しずつ減りつつある。,Paper procedures are gradually decreasing.,Choose the grammar pattern that best fits this sentence meaning: Paper procedures are gradually decreasing.,にほかならない,つつある,ことから,にあたり,1
n2-change-progress,grammar,つつある,,be in the process of,社会全体で意識が高まりつつある。,Awareness is rising throughout society.,Choose the grammar pattern that best fits this sentence meaning: Awareness is rising throughout society.,にもかかわらず,によって,つつある,ものだ,2
n2-change-progress,grammar,つつある,,be in the process of,新しい技術は医療現場にも広がりつつある。,New technology is spreading into medical settings.,Choose the grammar pattern that best fits this sentence meaning: New technology is spreading into medical settings.,につれて,に限らず,において,つつある,3
n2-change-progress,grammar,につれて,,as,経験を積むにつれて、判断が早くなった。,As I gained experience my judgment became faster.,Choose the grammar pattern that best fits this sentence meaning: As I gained experience my judgment became faster.,て以来,につれて,てくる,につき,1
n2-change-progress,grammar,につれて,,as,年齢が上がるにつれて、健康への関心が高まる。,As age increases interest in health rises.,Choose the grammar pattern that best fits this sentence meaning: As age increases interest in health rises.,につれて,によって,に違いない,といえる,0
n2-change-progress,grammar,につれて,,as,利用者が増えるにつれて、課題も見えてきた。,As users increased issues also became visible.,Choose the grammar pattern that best fits this sentence meaning: As users increased issues also became visible.,にすぎない,て以来,につれて,に反して,2
n2-change-progress,grammar,につれて,,as,練習を重ねるにつれて、自信がついた。,As I practiced repeatedly I gained confidence.,Choose the grammar pattern that best fits this sentence meaning: As I practiced repeatedly I gained confidence.,べきだ,に際して,どころか,につれて,3
n2-change-progress,grammar,につれて,,as,社会が変化するにつれて、必要な能力も変わる。,As society changes necessary skills also change.,Choose the grammar pattern that best fits this sentence meaning: As society changes necessary skills also change.,につれて,ことから,につながる,ごとに,0
n2-change-progress,grammar,一方だ,,continue to,物価は上がる一方だ。,Prices continue to rise.,Choose the grammar pattern that best fits this sentence meaning: Prices continue to rise.,こととする,一方だ,によって,を除いて,1
n2-change-progress,grammar,一方だ,,continue to,仕事の量は増える一方だ。,The amount of work keeps increasing.,Choose the grammar pattern that best fits this sentence meaning: The amount of work keeps increasing.,一方だ,につながる,ものの,こととする,0
n2-change-progress,grammar,一方だ,,continue to,地方の人口は減る一方だ。,The rural population continues to decrease.,Choose the grammar pattern that best fits this sentence meaning: The rural population continues to decrease.,つつある,こととする,に反して,一方だ,3
n2-change-progress,grammar,一方だ,,continue to,問題は複雑になる一方だ。,The problem keeps becoming more complicated.,Choose the grammar pattern that best fits this sentence meaning: The problem keeps becoming more complicated.,一方だ,に反して,にすぎない,にほかならない,0
n2-change-progress,grammar,一方だ,,continue to,スマホの利用時間は長くなる一方だ。,Smartphone usage time keeps getting longer.,Choose the grammar pattern that best fits this sentence meaning: Smartphone usage time keeps getting longer.,あげく,一方だ,に関して,ものだ,1
n2-change-progress,grammar,て以来,,since,新しい制度が始まって以来、利用者は増え続けている。,Since the new system started users have continued to increase.,Choose the grammar pattern that best fits this sentence meaning: Since the new system started users have continued to increase.,て以来,に比例して,ため,ば...ほど,0
n2-change-progress,grammar,て以来,,since,日本に来て以来、毎日日本語を使っている。,Since coming to Japan I use Japanese every day.,Choose the grammar pattern that best fits this sentence meaning: Since coming to Japan I use Japanese every day.,て以来,に際して,ものの,に関して,0
n2-change-progress,grammar,て以来,,since,部署が変わって以来、仕事の内容も変化した。,Since changing departments the content of my work also changed.,Choose the grammar pattern that best fits this sentence meaning: Since changing departments the content of my work also changed.,ばかりに,て以来,てくる,以上,1
n2-change-progress,grammar,て以来,,since,オンライン授業が始まって以来、学習方法が変わった。,Since online classes began learning methods changed.,Choose the grammar pattern that best fits this sentence meaning: Since online classes began learning methods changed.,一方で,ごとに,て以来,とはいえ,2
n2-change-progress,grammar,て以来,,since,この町に引っ越して以来、電車をよく使うようになった。,Since moving to this town I came to use trains often.,Choose the grammar pattern that best fits this sentence meaning: Since moving to this town I came to use trains often.,に限らず,あげく,に従って,て以来,3
n2-change-progress,grammar,に従って,,according to or as,時代の変化に従って、働き方も多様化している。,As times change work styles are diversifying.,Choose the grammar pattern that best fits this sentence meaning: As times change work styles are diversifying.,ことから,に従って,によって,わけではない,1
n2-change-progress,grammar,に従って,,according to or as,利用者の要望に従って、機能を追加した。,We added features according to user requests.,Choose the grammar pattern that best fits this sentence meaning: We added features according to user requests.,に反して,に従って,によって,こととする,1
n2-change-progress,grammar,に従って,,according to or as,年齢が上がるに従って、必要な支援も変わる。,As age increases necessary support also changes.,Choose the grammar pattern that best fits this sentence meaning: As age increases necessary support also changes.,べきだ,次第で,につき,に従って,3
n2-change-progress,grammar,に従って,,according to or as,説明書に従って、設定してください。,Please set it up according to the manual.,Choose the grammar pattern that best fits this sentence meaning: Please set it up according to the manual.,に違いない,といえる,ばかりに,に従って,3
n2-change-progress,grammar,に従って,,according to or as,状況の変化に従って、計画を見直す必要がある。,As the situation changes it is necessary to review the plan.,Choose the grammar pattern that best fits this sentence meaning: As the situation changes it is necessary to review the plan.,にすぎない,ものとする,に従って,とは限らない,2
n2-change-progress,grammar,てくる,,come to,最近、日本語のニュースが分かってきました。,Recently I have come to understand Japanese news.,Choose the grammar pattern that best fits this sentence meaning: Recently I have come to understand Japanese news.,によって,てくる,ものの,に限らず,1
n2-change-progress,grammar,てくる,,come to,少しずつ問題点が見えてきた。,The issues have gradually become visible.,Choose the grammar pattern that best fits this sentence meaning: The issues have gradually become visible.,ごとに,に従って,ていく,てくる,3
n2-change-progress,grammar,てくる,,come to,経験を通して、自分の考えが変わってきた。,Through experience my thinking has changed.,Choose the grammar pattern that best fits this sentence meaning: Through experience my thinking has changed.,といえる,にあたり,に比例して,てくる,3
n2-change-progress,grammar,てくる,,come to,利用者の声が集まってきました。,User voices have been coming in.,Choose the grammar pattern that best fits this sentence meaning: User voices have been coming in.,てくる,ば...ほど,ばかりに,ていく,0
n2-change-progress,grammar,てくる,,come to,練習を続けるうちに、発音がよくなってきた。,As I continued practicing my pronunciation improved.,Choose the grammar pattern that best fits this sentence meaning: As I continued practicing my pronunciation improved.,において,に違いない,てくる,つつある,2
n2-change-progress,grammar,ていく,,go on doing or change ahead,これからも改善を続けていきます。,We will continue making improvements from now on.,Choose the grammar pattern that best fits this sentence meaning: We will continue making improvements from now on.,次第で,に限らず,ていく,に反して,2
n2-change-progress,grammar,ていく,,go on doing or change ahead,社会はさらにデジタル化していくだろう。,Society will likely become even more digitalized.,Choose the grammar pattern that best fits this sentence meaning: Society will likely become even more digitalized.,てくる,ば...ほど,あげく,ていく,3
n2-change-progress,grammar,ていく,,go on doing or change ahead,少子化は今後も進んでいくと考えられる。,The declining birthrate is expected to continue progressing.,Choose the grammar pattern that best fits this sentence meaning: The declining birthrate is expected to continue progressing.,につき,ていく,わけではない,に基づき,1
n2-change-progress,grammar,ていく,,go on doing or change ahead,学んだことを仕事に生かしていきたい。,I want to make use of what I learned in my work from now on.,Choose the grammar pattern that best fits this sentence meaning: I want to make use of what I learned in my work from now on.,に関して,ていく,とは限らない,に際して,1
n2-change-progress,grammar,ていく,,go on doing or change ahead,地域の課題を少しずつ解決していく必要がある。,It is necessary to solve regional issues little by little going forward.,Choose the grammar pattern that best fits this sentence meaning: It is necessary to solve regional issues little by little going forward.,以上,に基づき,ていく,ものだ,2
n2-change-progress,grammar,ば...ほど,,the more the more,考えれば考えるほど、難しさが分かる。,The more I think the more I understand the difficulty.,Choose the grammar pattern that best fits this sentence meaning: The more I think the more I understand the difficulty.,ものだ,ば...ほど,どころか,にしても,1
n2-change-progress,grammar,ば...ほど,,the more the more,練習すればするほど、上手になります。,The more you practice the better you become.,Choose the grammar pattern that best fits this sentence meaning: The more you practice the better you become.,からすると,にすぎない,ば...ほど,あげく,2
n2-change-progress,grammar,ば...ほど,,the more the more,調べれば調べるほど、新しい疑問が出てくる。,The more I research the more new questions appear.,Choose the grammar pattern that best fits this sentence meaning: The more I research the more new questions appear.,てくる,からこそ,ば...ほど,につき,2
n2-change-progress,grammar,ば...ほど,,the more the more,経験を積めば積むほど、判断力が高まる。,The more experience you gain the more your judgment improves.,Choose the grammar pattern that best fits this sentence meaning: The more experience you gain the more your judgment improves.,ていく,とはいえ,以上,ば...ほど,3
n2-change-progress,grammar,ば...ほど,,the more the more,使えば使うほど、この道具の便利さが分かる。,The more you use this tool the more you understand its convenience.,Choose the grammar pattern that best fits this sentence meaning: The more you use this tool the more you understand its convenience.,べきだ,によって,ば...ほど,こととする,2
n2-change-progress,grammar,ごとに,,each time or every,年ごとに利用者数を比較した。,We compared the number of users each year.,Choose the grammar pattern that best fits this sentence meaning: We compared the number of users each year.,ごとに,に伴って,どころか,ため,0
n2-change-progress,grammar,ごとに,,each time or every,地域ごとに課題が異なる。,Issues differ by region.,Choose the grammar pattern that best fits this sentence meaning: Issues differ by region.,を除いて,に応じて,ごとに,ものの,2
n2-change-progress,grammar,ごとに,,each time or every,クラスごとに発表の順番を決めた。,The presentation order was decided for each class.,Choose the grammar pattern that best fits this sentence meaning: The presentation order was decided for each class.,ごとに,にほかならない,からすると,ものの,0
n2-change-progress,grammar,ごとに,,each time or every,月ごとに売上を確認します。,We check sales each month.,Choose the grammar pattern that best fits this sentence meaning: We check sales each month.,ごとに,あげく,といえる,につき,0
n2-change-progress,grammar,ごとに,,each time or every,年代ごとに回答を分析した。,Responses were analyzed by age group.,Choose the grammar pattern that best fits this sentence meaning: Responses were analyzed by age group.,を除いて,ごとに,に応じて,て以来,1
n2-change-progress,grammar,に比例して,,in proportion to,利用時間に比例して料金が高くなる。,Fees rise in proportion to usage time.,Choose the grammar pattern that best fits this sentence meaning: Fees rise in proportion to usage time.,とはいえ,に比例して,ため,に反して,1
n2-change-progress,grammar,に比例して,,in proportion to,練習量に比例して成果が出るとは限らない。,Results do not necessarily appear in proportion to the amount of practice.,Choose the grammar pattern that best fits this sentence meaning: Results do not necessarily appear in proportion to the amount of practice.,にすぎない,からすると,ため,に比例して,3
n2-change-progress,grammar,に比例して,,in proportion to,人口に比例して店舗数も増える傾向がある。,The number of stores tends to increase in proportion to population.,Choose the grammar pattern that best fits this sentence meaning: The number of stores tends to increase in proportion to population.,につながる,どころか,に基づき,に比例して,3
n2-change-progress,grammar,に比例して,,in proportion to,経験年数に比例して判断が正確になるとは限らない。,Judgment does not necessarily become more accurate in proportion to years of experience.,Choose the grammar pattern that best fits this sentence meaning: Judgment does not necessarily become more accurate in proportion to years of experience.,に比例して,ものとする,次第,といえる,0
n2-change-progress,grammar,に比例して,,in proportion to,需要に比例して供給も増加した。,Supply also increased in proportion to demand.,Choose the grammar pattern that best fits this sentence meaning: Supply also increased in proportion to demand.,に違いない,に比例して,からすると,にあたり,1
